model	system	round	iter	us	compiled	launches	binary
bert-mini	virtual	1	0	2526732.9	6	306	ddc8008cdeaf
bert-mini	virtual	1	1	31910.9	0	274	ddc8008cdeaf
bert-mini	virtual	1	2	5349.9	0	158	ddc8008cdeaf
bert-mini	virtual	1	3	2039.2	0	152	ddc8008cdeaf
bert-mini	virtual	1	4	4429.1	0	126	ddc8008cdeaf
bert-mini	virtual	1	5	12246.8	2	90	ddc8008cdeaf
bert-mini	virtual	1	6	487.1	0	25	ddc8008cdeaf
bert-mini	virtual	1	7	381.0	0	25	ddc8008cdeaf
bert-mini	virtual	1	8	387.9	0	25	ddc8008cdeaf
bert-mini	virtual	1	9	388.1	0	25	ddc8008cdeaf
bert-mini	virtual	1	10	478.0	0	25	ddc8008cdeaf
bert-mini	virtual	1	11	397.9	0	25	ddc8008cdeaf
bert-mini	virtual	1	12	388.1	0	25	ddc8008cdeaf
bert-mini	virtual	1	13	387.9	0	25	ddc8008cdeaf
bert-mini	virtual	1	14	383.9	0	25	ddc8008cdeaf
bert-mini	virtual	1	15	397.2	0	25	ddc8008cdeaf
bert-mini	virtual	1	16	382.9	0	25	ddc8008cdeaf
bert-mini	virtual	1	17	389.1	0	25	ddc8008cdeaf
bert-mini	virtual	1	18	385.0	0	25	ddc8008cdeaf
bert-mini	virtual	1	19	395.1	0	25	ddc8008cdeaf
bert-mini	virtual	1	20	381.0	0	25	ddc8008cdeaf
bert-mini	virtual	1	21	387.9	0	25	ddc8008cdeaf
bert-mini	virtual	1	22	385.0	0	25	ddc8008cdeaf
bert-mini	virtual	1	23	392.0	0	25	ddc8008cdeaf
bert-mini	virtual	1	24	381.0	0	25	ddc8008cdeaf
bert-mini	virtual	1	25	381.0	0	25	ddc8008cdeaf
bert-mini	virtual	1	26	408.2	0	25	ddc8008cdeaf
bert-mini	virtual	1	27	392.0	0	25	ddc8008cdeaf
bert-mini	virtual	1	28	394.1	0	25	ddc8008cdeaf
bert-mini	virtual	1	29	386.0	0	25	ddc8008cdeaf
bert-mini	virtual	1	30	388.1	0	25	ddc8008cdeaf
bert-mini	virtual	1	31	391.0	0	25	ddc8008cdeaf
bert-mini	virtual	1	32	386.0	0	25	ddc8008cdeaf
bert-mini	virtual	1	33	392.0	0	25	ddc8008cdeaf
bert-mini	virtual	1	34	386.0	0	25	ddc8008cdeaf
bert-mini	virtual	1	35	396.0	0	25	ddc8008cdeaf
bert-mini	virtual	1	36	383.1	0	25	ddc8008cdeaf
bert-mini	virtual	1	37	386.0	0	25	ddc8008cdeaf
bert-mini	virtual	1	38	390.1	0	25	ddc8008cdeaf
bert-mini	virtual	1	39	396.0	0	25	ddc8008cdeaf
bert-mini	virtual	1	40	388.1	0	25	ddc8008cdeaf
bert-mini	virtual	1	41	387.9	0	25	ddc8008cdeaf
bert-mini	virtual	1	42	384.1	0	25	ddc8008cdeaf
bert-mini	virtual	1	43	391.0	0	25	ddc8008cdeaf
bert-mini	virtual	1	44	387.2	0	25	ddc8008cdeaf
bert-mini	virtual	1	45	387.9	0	25	ddc8008cdeaf
bert-mini	virtual	1	46	398.2	0	25	ddc8008cdeaf
bert-mini	virtual	1	47	394.1	0	25	ddc8008cdeaf
bert-mini	virtual	1	48	388.9	0	25	ddc8008cdeaf
bert-mini	virtual	1	49	387.0	0	25	ddc8008cdeaf
bert-mini	virtual	1	50	381.9	0	25	ddc8008cdeaf
bert-mini	virtual	1	51	402.0	0	25	ddc8008cdeaf
bert-mini	virtual	1	52	381.9	0	25	ddc8008cdeaf
bert-mini	virtual	1	53	388.1	0	25	ddc8008cdeaf
bert-mini	virtual	1	54	387.0	0	25	ddc8008cdeaf
bert-mini	virtual	1	55	389.8	0	25	ddc8008cdeaf
bert-mini	virtual	1	56	387.0	0	25	ddc8008cdeaf
bert-mini	virtual	1	57	387.9	0	25	ddc8008cdeaf
bert-mini	virtual	1	58	387.0	0	25	ddc8008cdeaf
bert-mini	virtual	1	59	393.9	0	25	ddc8008cdeaf
bert-mini	deferred	1	0	3909876.1	9	24	ddc8008cdeaf
bert-mini	deferred	1	1	65113.1	0	24	ddc8008cdeaf
bert-mini	deferred	1	2	20482.1	0	24	ddc8008cdeaf
bert-mini	deferred	1	3	10484.9	0	24	ddc8008cdeaf
bert-mini	deferred	1	4	14613.2	0	24	ddc8008cdeaf
bert-mini	deferred	1	5	17110.1	0	24	ddc8008cdeaf
bert-mini	deferred	1	6	7595.1	0	24	ddc8008cdeaf
bert-mini	deferred	1	7	3211.0	0	24	ddc8008cdeaf
bert-mini	deferred	1	8	568.2	0	24	ddc8008cdeaf
bert-mini	deferred	1	9	541.9	0	24	ddc8008cdeaf
bert-mini	deferred	1	10	2673.1	0	24	ddc8008cdeaf
bert-mini	deferred	1	11	559.1	0	24	ddc8008cdeaf
bert-mini	deferred	1	12	539.1	0	24	ddc8008cdeaf
bert-mini	deferred	1	13	542.9	0	24	ddc8008cdeaf
bert-mini	deferred	1	14	2446.2	0	24	ddc8008cdeaf
bert-mini	deferred	1	15	541.0	0	24	ddc8008cdeaf
bert-mini	deferred	1	16	528.1	0	24	ddc8008cdeaf
bert-mini	deferred	1	17	541.0	0	24	ddc8008cdeaf
bert-mini	deferred	1	18	2613.1	0	24	ddc8008cdeaf
bert-mini	deferred	1	19	5756.9	0	24	ddc8008cdeaf
bert-mini	deferred	1	20	7574.8	0	24	ddc8008cdeaf
bert-mini	deferred	1	21	649.9	0	24	ddc8008cdeaf
bert-mini	deferred	1	22	1317.0	0	24	ddc8008cdeaf
bert-mini	deferred	1	23	5427.1	0	24	ddc8008cdeaf
bert-mini	deferred	1	24	569.1	0	24	ddc8008cdeaf
bert-mini	deferred	1	25	539.1	0	24	ddc8008cdeaf
bert-mini	deferred	1	26	562.9	0	24	ddc8008cdeaf
bert-mini	deferred	1	27	2658.1	0	24	ddc8008cdeaf
bert-mini	deferred	1	28	524.0	0	24	ddc8008cdeaf
bert-mini	deferred	1	29	4174.0	0	24	ddc8008cdeaf
bert-mini	deferred	1	30	589.1	0	24	ddc8008cdeaf
bert-mini	deferred	1	31	603.9	0	24	ddc8008cdeaf
bert-mini	deferred	1	32	538.1	0	24	ddc8008cdeaf
bert-mini	deferred	1	33	3039.1	0	24	ddc8008cdeaf
bert-mini	deferred	1	34	546.0	0	24	ddc8008cdeaf
bert-mini	deferred	1	35	522.1	0	24	ddc8008cdeaf
bert-mini	deferred	1	36	556.0	0	24	ddc8008cdeaf
bert-mini	deferred	1	37	519.0	0	24	ddc8008cdeaf
bert-mini	deferred	1	38	523.1	0	24	ddc8008cdeaf
bert-mini	deferred	1	39	3963.9	0	24	ddc8008cdeaf
bert-mini	deferred	1	40	2832.2	0	24	ddc8008cdeaf
bert-mini	deferred	1	41	536.0	0	24	ddc8008cdeaf
bert-mini	deferred	1	42	529.1	0	24	ddc8008cdeaf
bert-mini	deferred	1	43	8213.0	0	24	ddc8008cdeaf
bert-mini	deferred	1	44	788.0	0	24	ddc8008cdeaf
bert-mini	deferred	1	45	541.9	0	24	ddc8008cdeaf
bert-mini	deferred	1	46	528.1	0	24	ddc8008cdeaf
bert-mini	deferred	1	47	513.1	0	24	ddc8008cdeaf
bert-mini	deferred	1	48	2865.1	0	24	ddc8008cdeaf
bert-mini	deferred	1	49	5743.0	0	24	ddc8008cdeaf
bert-mini	deferred	1	50	918.9	0	24	ddc8008cdeaf
bert-mini	deferred	1	51	546.9	0	24	ddc8008cdeaf
bert-mini	deferred	1	52	572.0	0	24	ddc8008cdeaf
bert-mini	deferred	1	53	545.0	0	24	ddc8008cdeaf
bert-mini	deferred	1	54	14344.9	0	24	ddc8008cdeaf
bert-mini	deferred	1	55	3868.1	0	24	ddc8008cdeaf
bert-mini	deferred	1	56	535.0	0	24	ddc8008cdeaf
bert-mini	deferred	1	57	532.2	0	24	ddc8008cdeaf
bert-mini	deferred	1	58	541.0	0	24	ddc8008cdeaf
bert-mini	deferred	1	59	531.0	0	24	ddc8008cdeaf
bert-mini	eager	1	0	572784.9	1	288	ddc8008cdeaf
bert-mini	eager	1	1	32240.9	0	288	ddc8008cdeaf
bert-mini	eager	1	2	1174.9	0	288	ddc8008cdeaf
bert-mini	eager	1	3	10796.1	0	288	ddc8008cdeaf
bert-mini	eager	1	4	6614.2	0	288	ddc8008cdeaf
bert-mini	eager	1	5	1169.0	0	288	ddc8008cdeaf
bert-mini	eager	1	6	1102.9	0	288	ddc8008cdeaf
bert-mini	eager	1	7	1097.0	0	288	ddc8008cdeaf
bert-mini	eager	1	8	1097.0	0	288	ddc8008cdeaf
bert-mini	eager	1	9	3799.0	0	288	ddc8008cdeaf
bert-mini	eager	1	10	1100.1	0	288	ddc8008cdeaf
bert-mini	eager	1	11	1108.9	0	288	ddc8008cdeaf
bert-mini	eager	1	12	1099.8	0	288	ddc8008cdeaf
bert-mini	eager	1	13	1104.1	0	288	ddc8008cdeaf
bert-mini	eager	1	14	1101.0	0	288	ddc8008cdeaf
bert-mini	eager	1	15	1101.0	0	288	ddc8008cdeaf
bert-mini	eager	1	16	1105.1	0	288	ddc8008cdeaf
bert-mini	eager	1	17	1099.8	0	288	ddc8008cdeaf
bert-mini	eager	1	18	1101.0	0	288	ddc8008cdeaf
bert-mini	eager	1	19	1104.8	0	288	ddc8008cdeaf
bert-mini	eager	1	20	1096.0	0	288	ddc8008cdeaf
bert-mini	eager	1	21	1096.0	0	288	ddc8008cdeaf
bert-mini	eager	1	22	1097.0	0	288	ddc8008cdeaf
bert-mini	eager	1	23	3403.9	0	288	ddc8008cdeaf
bert-mini	eager	1	24	1100.1	0	288	ddc8008cdeaf
bert-mini	eager	1	25	1102.9	0	288	ddc8008cdeaf
bert-mini	eager	1	26	1103.9	0	288	ddc8008cdeaf
bert-mini	eager	1	27	1102.2	0	288	ddc8008cdeaf
bert-mini	eager	1	28	1100.1	0	288	ddc8008cdeaf
bert-mini	eager	1	29	1104.8	0	288	ddc8008cdeaf
bert-mini	eager	1	30	1101.0	0	288	ddc8008cdeaf
bert-mini	eager	1	31	1104.8	0	288	ddc8008cdeaf
bert-mini	eager	1	32	1110.1	0	288	ddc8008cdeaf
bert-mini	eager	1	33	1104.1	0	288	ddc8008cdeaf
bert-mini	eager	1	34	1103.9	0	288	ddc8008cdeaf
bert-mini	eager	1	35	1108.2	0	288	ddc8008cdeaf
bert-mini	eager	1	36	1103.9	0	288	ddc8008cdeaf
bert-mini	eager	1	37	1102.0	0	288	ddc8008cdeaf
bert-mini	eager	1	38	1102.0	0	288	ddc8008cdeaf
bert-mini	eager	1	39	1108.2	0	288	ddc8008cdeaf
bert-mini	eager	1	40	1101.0	0	288	ddc8008cdeaf
bert-mini	eager	1	41	1107.0	0	288	ddc8008cdeaf
bert-mini	eager	1	42	1104.1	0	288	ddc8008cdeaf
bert-mini	eager	1	43	4097.9	0	288	ddc8008cdeaf
bert-mini	eager	1	44	1128.9	0	288	ddc8008cdeaf
bert-mini	eager	1	45	1104.8	0	288	ddc8008cdeaf
bert-mini	eager	1	46	1104.1	0	288	ddc8008cdeaf
bert-mini	eager	1	47	1100.1	0	288	ddc8008cdeaf
bert-mini	eager	1	48	1102.9	0	288	ddc8008cdeaf
bert-mini	eager	1	49	1107.9	0	288	ddc8008cdeaf
bert-mini	eager	1	50	1105.1	0	288	ddc8008cdeaf
bert-mini	eager	1	51	1105.1	0	288	ddc8008cdeaf
bert-mini	eager	1	52	1108.9	0	288	ddc8008cdeaf
bert-mini	eager	1	53	1114.8	0	288	ddc8008cdeaf
bert-mini	eager	1	54	1107.0	0	288	ddc8008cdeaf
bert-mini	eager	1	55	1107.9	0	288	ddc8008cdeaf
bert-mini	eager	1	56	1102.9	0	288	ddc8008cdeaf
bert-mini	eager	1	57	1103.9	0	288	ddc8008cdeaf
bert-mini	eager	1	58	1109.1	0	288	ddc8008cdeaf
bert-mini	eager	1	59	1104.1	0	288	ddc8008cdeaf
bert-mini	virtual	2	0	3011831.0	6	306	ddc8008cdeaf
bert-mini	virtual	2	1	37580.0	0	274	ddc8008cdeaf
bert-mini	virtual	2	2	5693.0	0	158	ddc8008cdeaf
bert-mini	virtual	2	3	1884.0	0	152	ddc8008cdeaf
bert-mini	virtual	2	4	4290.1	0	126	ddc8008cdeaf
bert-mini	virtual	2	5	9702.2	2	90	ddc8008cdeaf
bert-mini	virtual	2	6	416.0	0	25	ddc8008cdeaf
bert-mini	virtual	2	7	381.0	0	25	ddc8008cdeaf
bert-mini	virtual	2	8	378.8	0	25	ddc8008cdeaf
bert-mini	virtual	2	9	381.0	0	25	ddc8008cdeaf
bert-mini	virtual	2	10	412.9	0	25	ddc8008cdeaf
bert-mini	virtual	2	11	386.0	0	25	ddc8008cdeaf
bert-mini	virtual	2	12	384.1	0	25	ddc8008cdeaf
bert-mini	virtual	2	13	387.9	0	25	ddc8008cdeaf
bert-mini	virtual	2	14	381.9	0	25	ddc8008cdeaf
bert-mini	virtual	2	15	392.0	0	25	ddc8008cdeaf
bert-mini	virtual	2	16	380.0	0	25	ddc8008cdeaf
bert-mini	virtual	2	17	382.2	0	25	ddc8008cdeaf
bert-mini	virtual	2	18	378.8	0	25	ddc8008cdeaf
bert-mini	virtual	2	19	388.9	0	25	ddc8008cdeaf
bert-mini	virtual	2	20	385.0	0	25	ddc8008cdeaf
bert-mini	virtual	2	21	386.0	0	25	ddc8008cdeaf
bert-mini	virtual	2	22	386.0	0	25	ddc8008cdeaf
bert-mini	virtual	2	23	388.1	0	25	ddc8008cdeaf
bert-mini	virtual	2	24	384.1	0	25	ddc8008cdeaf
bert-mini	virtual	2	25	381.0	0	25	ddc8008cdeaf
bert-mini	virtual	2	26	386.0	0	25	ddc8008cdeaf
bert-mini	virtual	2	27	388.1	0	25	ddc8008cdeaf
bert-mini	virtual	2	28	382.9	0	25	ddc8008cdeaf
bert-mini	virtual	2	29	382.2	0	25	ddc8008cdeaf
bert-mini	virtual	2	30	385.0	0	25	ddc8008cdeaf
bert-mini	virtual	2	31	388.9	0	25	ddc8008cdeaf
bert-mini	virtual	2	32	383.9	0	25	ddc8008cdeaf
bert-mini	virtual	2	33	381.2	0	25	ddc8008cdeaf
bert-mini	virtual	2	34	385.0	0	25	ddc8008cdeaf
bert-mini	virtual	2	35	389.8	0	25	ddc8008cdeaf
bert-mini	virtual	2	36	386.0	0	25	ddc8008cdeaf
bert-mini	virtual	2	37	385.0	0	25	ddc8008cdeaf
bert-mini	virtual	2	38	383.9	0	25	ddc8008cdeaf
bert-mini	virtual	2	39	386.0	0	25	ddc8008cdeaf
bert-mini	virtual	2	40	385.0	0	25	ddc8008cdeaf
bert-mini	virtual	2	41	380.0	0	25	ddc8008cdeaf
bert-mini	virtual	2	42	387.9	0	25	ddc8008cdeaf
bert-mini	virtual	2	43	389.1	0	25	ddc8008cdeaf
bert-mini	virtual	2	44	385.0	0	25	ddc8008cdeaf
bert-mini	virtual	2	45	387.0	0	25	ddc8008cdeaf
bert-mini	virtual	2	46	380.0	0	25	ddc8008cdeaf
bert-mini	virtual	2	47	386.0	0	25	ddc8008cdeaf
bert-mini	virtual	2	48	384.8	0	25	ddc8008cdeaf
bert-mini	virtual	2	49	381.9	0	25	ddc8008cdeaf
bert-mini	virtual	2	50	387.9	0	25	ddc8008cdeaf
bert-mini	virtual	2	51	385.0	0	25	ddc8008cdeaf
bert-mini	virtual	2	52	380.0	0	25	ddc8008cdeaf
bert-mini	virtual	2	53	386.0	0	25	ddc8008cdeaf
bert-mini	virtual	2	54	381.0	0	25	ddc8008cdeaf
bert-mini	virtual	2	55	387.0	0	25	ddc8008cdeaf
bert-mini	virtual	2	56	384.1	0	25	ddc8008cdeaf
bert-mini	virtual	2	57	382.9	0	25	ddc8008cdeaf
bert-mini	virtual	2	58	387.2	0	25	ddc8008cdeaf
bert-mini	virtual	2	59	382.9	0	25	ddc8008cdeaf
bert-mini	deferred	2	0	3702935.9	9	24	ddc8008cdeaf
bert-mini	deferred	2	1	78535.1	0	24	ddc8008cdeaf
bert-mini	deferred	2	2	27507.8	0	24	ddc8008cdeaf
bert-mini	deferred	2	3	13210.8	0	24	ddc8008cdeaf
bert-mini	deferred	2	4	15929.0	0	24	ddc8008cdeaf
bert-mini	deferred	2	5	19512.2	0	24	ddc8008cdeaf
bert-mini	deferred	2	6	8086.0	0	24	ddc8008cdeaf
bert-mini	deferred	2	7	4868.0	0	24	ddc8008cdeaf
bert-mini	deferred	2	8	638.0	0	24	ddc8008cdeaf
bert-mini	deferred	2	9	558.9	0	24	ddc8008cdeaf
bert-mini	deferred	2	10	3866.0	0	24	ddc8008cdeaf
bert-mini	deferred	2	11	576.0	0	24	ddc8008cdeaf
bert-mini	deferred	2	12	554.1	0	24	ddc8008cdeaf
bert-mini	deferred	2	13	536.0	0	24	ddc8008cdeaf
bert-mini	deferred	2	14	4283.9	0	24	ddc8008cdeaf
bert-mini	deferred	2	15	634.9	0	24	ddc8008cdeaf
bert-mini	deferred	2	16	547.2	0	24	ddc8008cdeaf
bert-mini	deferred	2	17	541.0	0	24	ddc8008cdeaf
bert-mini	deferred	2	18	4070.0	0	24	ddc8008cdeaf
bert-mini	deferred	2	19	6057.0	0	24	ddc8008cdeaf
bert-mini	deferred	2	20	7841.1	0	24	ddc8008cdeaf
bert-mini	deferred	2	21	680.0	0	24	ddc8008cdeaf
bert-mini	deferred	2	22	1350.2	0	24	ddc8008cdeaf
bert-mini	deferred	2	23	6882.0	0	24	ddc8008cdeaf
bert-mini	deferred	2	24	633.0	0	24	ddc8008cdeaf
bert-mini	deferred	2	25	556.9	0	24	ddc8008cdeaf
bert-mini	deferred	2	26	564.1	0	24	ddc8008cdeaf
bert-mini	deferred	2	27	3942.0	0	24	ddc8008cdeaf
bert-mini	deferred	2	28	596.0	0	24	ddc8008cdeaf
bert-mini	deferred	2	29	4589.1	0	24	ddc8008cdeaf
bert-mini	deferred	2	30	646.1	0	24	ddc8008cdeaf
bert-mini	deferred	2	31	634.9	0	24	ddc8008cdeaf
bert-mini	deferred	2	32	568.2	0	24	ddc8008cdeaf
bert-mini	deferred	2	33	4808.9	0	24	ddc8008cdeaf
bert-mini	deferred	2	34	600.1	0	24	ddc8008cdeaf
bert-mini	deferred	2	35	549.1	0	24	ddc8008cdeaf
bert-mini	deferred	2	36	580.1	0	24	ddc8008cdeaf
bert-mini	deferred	2	37	538.8	0	24	ddc8008cdeaf
bert-mini	deferred	2	38	527.9	0	24	ddc8008cdeaf
bert-mini	deferred	2	39	4320.1	0	24	ddc8008cdeaf
bert-mini	deferred	2	40	5028.0	0	24	ddc8008cdeaf
bert-mini	deferred	2	41	663.0	0	24	ddc8008cdeaf
bert-mini	deferred	2	42	562.9	0	24	ddc8008cdeaf
bert-mini	deferred	2	43	8851.1	0	24	ddc8008cdeaf
bert-mini	deferred	2	44	1006.8	0	24	ddc8008cdeaf
bert-mini	deferred	2	45	572.0	0	24	ddc8008cdeaf
bert-mini	deferred	2	46	558.1	0	24	ddc8008cdeaf
bert-mini	deferred	2	47	520.0	0	24	ddc8008cdeaf
bert-mini	deferred	2	48	4942.9	0	24	ddc8008cdeaf
bert-mini	deferred	2	49	6308.1	0	24	ddc8008cdeaf
bert-mini	deferred	2	50	1256.0	0	24	ddc8008cdeaf
bert-mini	deferred	2	51	580.1	0	24	ddc8008cdeaf
bert-mini	deferred	2	52	542.9	0	24	ddc8008cdeaf
bert-mini	deferred	2	53	565.1	0	24	ddc8008cdeaf
bert-mini	deferred	2	54	15113.1	0	24	ddc8008cdeaf
bert-mini	deferred	2	55	6054.2	0	24	ddc8008cdeaf
bert-mini	deferred	2	56	621.1	0	24	ddc8008cdeaf
bert-mini	deferred	2	57	551.9	0	24	ddc8008cdeaf
bert-mini	deferred	2	58	600.1	0	24	ddc8008cdeaf
bert-mini	deferred	2	59	544.1	0	24	ddc8008cdeaf
bert-mini	eager	2	0	564859.2	1	288	ddc8008cdeaf
bert-mini	eager	2	1	30374.1	0	288	ddc8008cdeaf
bert-mini	eager	2	2	1188.0	0	288	ddc8008cdeaf
bert-mini	eager	2	3	11193.0	0	288	ddc8008cdeaf
bert-mini	eager	2	4	6790.9	0	288	ddc8008cdeaf
bert-mini	eager	2	5	1206.9	0	288	ddc8008cdeaf
bert-mini	eager	2	6	1102.0	0	288	ddc8008cdeaf
bert-mini	eager	2	7	1099.1	0	288	ddc8008cdeaf
bert-mini	eager	2	8	1099.1	0	288	ddc8008cdeaf
bert-mini	eager	2	9	3984.9	0	288	ddc8008cdeaf
bert-mini	eager	2	10	1107.0	0	288	ddc8008cdeaf
bert-mini	eager	2	11	1107.0	0	288	ddc8008cdeaf
bert-mini	eager	2	12	1102.9	0	288	ddc8008cdeaf
bert-mini	eager	2	13	1103.9	0	288	ddc8008cdeaf
bert-mini	eager	2	14	1097.0	0	288	ddc8008cdeaf
bert-mini	eager	2	15	1097.0	0	288	ddc8008cdeaf
bert-mini	eager	2	16	1105.1	0	288	ddc8008cdeaf
bert-mini	eager	2	17	1102.9	0	288	ddc8008cdeaf
bert-mini	eager	2	18	1097.0	0	288	ddc8008cdeaf
bert-mini	eager	2	19	1096.0	0	288	ddc8008cdeaf
bert-mini	eager	2	20	1104.1	0	288	ddc8008cdeaf
bert-mini	eager	2	21	1101.0	0	288	ddc8008cdeaf
bert-mini	eager	2	22	1102.0	0	288	ddc8008cdeaf
bert-mini	eager	2	23	3100.2	0	288	ddc8008cdeaf
bert-mini	eager	2	24	1102.9	0	288	ddc8008cdeaf
bert-mini	eager	2	25	1105.1	0	288	ddc8008cdeaf
bert-mini	eager	2	26	1104.1	0	288	ddc8008cdeaf
bert-mini	eager	2	27	1105.1	0	288	ddc8008cdeaf
bert-mini	eager	2	28	1095.1	0	288	ddc8008cdeaf
bert-mini	eager	2	29	1103.9	0	288	ddc8008cdeaf
bert-mini	eager	2	30	1099.1	0	288	ddc8008cdeaf
bert-mini	eager	2	31	1105.1	0	288	ddc8008cdeaf
bert-mini	eager	2	32	1107.0	0	288	ddc8008cdeaf
bert-mini	eager	2	33	1102.2	0	288	ddc8008cdeaf
bert-mini	eager	2	34	1107.0	0	288	ddc8008cdeaf
bert-mini	eager	2	35	1103.9	0	288	ddc8008cdeaf
bert-mini	eager	2	36	1102.9	0	288	ddc8008cdeaf
bert-mini	eager	2	37	1103.2	0	288	ddc8008cdeaf
bert-mini	eager	2	38	1103.9	0	288	ddc8008cdeaf
bert-mini	eager	2	39	1102.9	0	288	ddc8008cdeaf
bert-mini	eager	2	40	1102.0	0	288	ddc8008cdeaf
bert-mini	eager	2	41	1104.1	0	288	ddc8008cdeaf
bert-mini	eager	2	42	1110.1	0	288	ddc8008cdeaf
bert-mini	eager	2	43	3145.0	0	288	ddc8008cdeaf
bert-mini	eager	2	44	1103.2	0	288	ddc8008cdeaf
bert-mini	eager	2	45	1102.0	0	288	ddc8008cdeaf
bert-mini	eager	2	46	1102.9	0	288	ddc8008cdeaf
bert-mini	eager	2	47	1102.0	0	288	ddc8008cdeaf
bert-mini	eager	2	48	1107.9	0	288	ddc8008cdeaf
bert-mini	eager	2	49	1112.0	0	288	ddc8008cdeaf
bert-mini	eager	2	50	1103.9	0	288	ddc8008cdeaf
bert-mini	eager	2	51	1102.0	0	288	ddc8008cdeaf
bert-mini	eager	2	52	1108.9	0	288	ddc8008cdeaf
bert-mini	eager	2	53	1108.9	0	288	ddc8008cdeaf
bert-mini	eager	2	54	1105.1	0	288	ddc8008cdeaf
bert-mini	eager	2	55	1104.1	0	288	ddc8008cdeaf
bert-mini	eager	2	56	1100.1	0	288	ddc8008cdeaf
bert-mini	eager	2	57	1105.1	0	288	ddc8008cdeaf
bert-mini	eager	2	58	1107.0	0	288	ddc8008cdeaf
bert-mini	eager	2	59	1107.0	0	288	ddc8008cdeaf
bert-mini	virtual	3	0	2466239.9	6	306	ddc8008cdeaf
bert-mini	virtual	3	1	27104.9	0	274	ddc8008cdeaf
bert-mini	virtual	3	2	4285.1	0	158	ddc8008cdeaf
bert-mini	virtual	3	3	1757.9	0	152	ddc8008cdeaf
bert-mini	virtual	3	4	4110.1	0	126	ddc8008cdeaf
bert-mini	virtual	3	5	10065.1	2	90	ddc8008cdeaf
bert-mini	virtual	3	6	421.0	0	25	ddc8008cdeaf
bert-mini	virtual	3	7	383.1	0	25	ddc8008cdeaf
bert-mini	virtual	3	8	380.0	0	25	ddc8008cdeaf
bert-mini	virtual	3	9	381.0	0	25	ddc8008cdeaf
bert-mini	virtual	3	10	420.1	0	25	ddc8008cdeaf
bert-mini	virtual	3	11	391.0	0	25	ddc8008cdeaf
bert-mini	virtual	3	12	388.1	0	25	ddc8008cdeaf
bert-mini	virtual	3	13	386.0	0	25	ddc8008cdeaf
bert-mini	virtual	3	14	384.1	0	25	ddc8008cdeaf
bert-mini	virtual	3	15	390.1	0	25	ddc8008cdeaf
bert-mini	virtual	3	16	384.1	0	25	ddc8008cdeaf
bert-mini	virtual	3	17	382.9	0	25	ddc8008cdeaf
bert-mini	virtual	3	18	386.0	0	25	ddc8008cdeaf
bert-mini	virtual	3	19	386.0	0	25	ddc8008cdeaf
bert-mini	virtual	3	20	381.0	0	25	ddc8008cdeaf
bert-mini	virtual	3	21	387.0	0	25	ddc8008cdeaf
bert-mini	virtual	3	22	381.0	0	25	ddc8008cdeaf
bert-mini	virtual	3	23	384.1	0	25	ddc8008cdeaf
bert-mini	virtual	3	24	388.1	0	25	ddc8008cdeaf
bert-mini	virtual	3	25	383.9	0	25	ddc8008cdeaf
bert-mini	virtual	3	26	386.0	0	25	ddc8008cdeaf
bert-mini	virtual	3	27	389.8	0	25	ddc8008cdeaf
bert-mini	virtual	3	28	387.0	0	25	ddc8008cdeaf
bert-mini	virtual	3	29	384.1	0	25	ddc8008cdeaf
bert-mini	virtual	3	30	383.9	0	25	ddc8008cdeaf
bert-mini	virtual	3	31	390.1	0	25	ddc8008cdeaf
bert-mini	virtual	3	32	381.9	0	25	ddc8008cdeaf
bert-mini	virtual	3	33	386.0	0	25	ddc8008cdeaf
bert-mini	virtual	3	34	387.2	0	25	ddc8008cdeaf
bert-mini	virtual	3	35	390.1	0	25	ddc8008cdeaf
bert-mini	virtual	3	36	387.0	0	25	ddc8008cdeaf
bert-mini	virtual	3	37	387.0	0	25	ddc8008cdeaf
bert-mini	virtual	3	38	384.8	0	25	ddc8008cdeaf
bert-mini	virtual	3	39	386.0	0	25	ddc8008cdeaf
bert-mini	virtual	3	40	381.0	0	25	ddc8008cdeaf
bert-mini	virtual	3	41	387.0	0	25	ddc8008cdeaf
bert-mini	virtual	3	42	385.0	0	25	ddc8008cdeaf
bert-mini	virtual	3	43	385.0	0	25	ddc8008cdeaf
bert-mini	virtual	3	44	383.1	0	25	ddc8008cdeaf
bert-mini	virtual	3	45	381.0	0	25	ddc8008cdeaf
bert-mini	virtual	3	46	384.1	0	25	ddc8008cdeaf
bert-mini	virtual	3	47	392.0	0	25	ddc8008cdeaf
bert-mini	virtual	3	48	382.2	0	25	ddc8008cdeaf
bert-mini	virtual	3	49	385.0	0	25	ddc8008cdeaf
bert-mini	virtual	3	50	378.8	0	25	ddc8008cdeaf
bert-mini	virtual	3	51	391.0	0	25	ddc8008cdeaf
bert-mini	virtual	3	52	383.9	0	25	ddc8008cdeaf
bert-mini	virtual	3	53	387.9	0	25	ddc8008cdeaf
bert-mini	virtual	3	54	384.1	0	25	ddc8008cdeaf
bert-mini	virtual	3	55	381.9	0	25	ddc8008cdeaf
bert-mini	virtual	3	56	383.9	0	25	ddc8008cdeaf
bert-mini	virtual	3	57	387.2	0	25	ddc8008cdeaf
bert-mini	virtual	3	58	384.8	0	25	ddc8008cdeaf
bert-mini	virtual	3	59	390.1	0	25	ddc8008cdeaf
bert-mini	deferred	3	0	3689591.2	9	24	ddc8008cdeaf
bert-mini	deferred	3	1	68149.1	0	24	ddc8008cdeaf
bert-mini	deferred	3	2	23327.1	0	24	ddc8008cdeaf
bert-mini	deferred	3	3	12831.9	0	24	ddc8008cdeaf
bert-mini	deferred	3	4	15372.0	0	24	ddc8008cdeaf
bert-mini	deferred	3	5	19036.1	0	24	ddc8008cdeaf
bert-mini	deferred	3	6	8037.1	0	24	ddc8008cdeaf
bert-mini	deferred	3	7	4838.9	0	24	ddc8008cdeaf
bert-mini	deferred	3	8	619.2	0	24	ddc8008cdeaf
bert-mini	deferred	3	9	551.9	0	24	ddc8008cdeaf
bert-mini	deferred	3	10	3872.2	0	24	ddc8008cdeaf
bert-mini	deferred	3	11	592.0	0	24	ddc8008cdeaf
bert-mini	deferred	3	12	553.1	0	24	ddc8008cdeaf
bert-mini	deferred	3	13	540.0	0	24	ddc8008cdeaf
bert-mini	deferred	3	14	3522.9	0	24	ddc8008cdeaf
bert-mini	deferred	3	15	603.0	0	24	ddc8008cdeaf
bert-mini	deferred	3	16	561.0	0	24	ddc8008cdeaf
bert-mini	deferred	3	17	542.9	0	24	ddc8008cdeaf
bert-mini	deferred	3	18	4702.1	0	24	ddc8008cdeaf
bert-mini	deferred	3	19	6001.0	0	24	ddc8008cdeaf
bert-mini	deferred	3	20	8155.1	0	24	ddc8008cdeaf
bert-mini	deferred	3	21	754.1	0	24	ddc8008cdeaf
bert-mini	deferred	3	22	1390.9	0	24	ddc8008cdeaf
bert-mini	deferred	3	23	7360.0	0	24	ddc8008cdeaf
bert-mini	deferred	3	24	649.0	0	24	ddc8008cdeaf
bert-mini	deferred	3	25	567.9	0	24	ddc8008cdeaf
bert-mini	deferred	3	26	578.9	0	24	ddc8008cdeaf
bert-mini	deferred	3	27	3789.2	0	24	ddc8008cdeaf
bert-mini	deferred	3	28	577.0	0	24	ddc8008cdeaf
bert-mini	deferred	3	29	4383.1	0	24	ddc8008cdeaf
bert-mini	deferred	3	30	621.1	0	24	ddc8008cdeaf
bert-mini	deferred	3	31	633.0	0	24	ddc8008cdeaf
bert-mini	deferred	3	32	536.0	0	24	ddc8008cdeaf
bert-mini	deferred	3	33	4730.9	0	24	ddc8008cdeaf
bert-mini	deferred	3	34	622.0	0	24	ddc8008cdeaf
bert-mini	deferred	3	35	543.8	0	24	ddc8008cdeaf
bert-mini	deferred	3	36	589.8	0	24	ddc8008cdeaf
bert-mini	deferred	3	37	550.0	0	24	ddc8008cdeaf
bert-mini	deferred	3	38	533.8	0	24	ddc8008cdeaf
bert-mini	deferred	3	39	4280.8	0	24	ddc8008cdeaf
bert-mini	deferred	3	40	4833.9	0	24	ddc8008cdeaf
bert-mini	deferred	3	41	588.9	0	24	ddc8008cdeaf
bert-mini	deferred	3	42	551.0	0	24	ddc8008cdeaf
bert-mini	deferred	3	43	8838.9	0	24	ddc8008cdeaf
bert-mini	deferred	3	44	894.1	0	24	ddc8008cdeaf
bert-mini	deferred	3	45	582.0	0	24	ddc8008cdeaf
bert-mini	deferred	3	46	540.0	0	24	ddc8008cdeaf
bert-mini	deferred	3	47	528.1	0	24	ddc8008cdeaf
bert-mini	deferred	3	48	5193.9	0	24	ddc8008cdeaf
bert-mini	deferred	3	49	6190.1	0	24	ddc8008cdeaf
bert-mini	deferred	3	50	1109.1	0	24	ddc8008cdeaf
bert-mini	deferred	3	51	556.9	0	24	ddc8008cdeaf
bert-mini	deferred	3	52	547.2	0	24	ddc8008cdeaf
bert-mini	deferred	3	53	568.9	0	24	ddc8008cdeaf
bert-mini	deferred	3	54	15301.0	0	24	ddc8008cdeaf
bert-mini	deferred	3	55	5645.0	0	24	ddc8008cdeaf
bert-mini	deferred	3	56	641.1	0	24	ddc8008cdeaf
bert-mini	deferred	3	57	572.0	0	24	ddc8008cdeaf
bert-mini	deferred	3	58	582.0	0	24	ddc8008cdeaf
bert-mini	deferred	3	59	549.1	0	24	ddc8008cdeaf
bert-mini	eager	3	0	596571.9	1	288	ddc8008cdeaf
bert-mini	eager	3	1	35245.9	0	288	ddc8008cdeaf
bert-mini	eager	3	2	1205.9	0	288	ddc8008cdeaf
bert-mini	eager	3	3	11884.9	0	288	ddc8008cdeaf
bert-mini	eager	3	4	7343.1	0	288	ddc8008cdeaf
bert-mini	eager	3	5	1225.0	0	288	ddc8008cdeaf
bert-mini	eager	3	6	1102.9	0	288	ddc8008cdeaf
bert-mini	eager	3	7	1106.0	0	288	ddc8008cdeaf
bert-mini	eager	3	8	1097.9	0	288	ddc8008cdeaf
bert-mini	eager	3	9	4307.0	0	288	ddc8008cdeaf
bert-mini	eager	3	10	1100.1	0	288	ddc8008cdeaf
bert-mini	eager	3	11	1104.1	0	288	ddc8008cdeaf
bert-mini	eager	3	12	1102.9	0	288	ddc8008cdeaf
bert-mini	eager	3	13	1104.1	0	288	ddc8008cdeaf
bert-mini	eager	3	14	1100.1	0	288	ddc8008cdeaf
bert-mini	eager	3	15	1103.9	0	288	ddc8008cdeaf
bert-mini	eager	3	16	1097.9	0	288	ddc8008cdeaf
bert-mini	eager	3	17	1100.1	0	288	ddc8008cdeaf
bert-mini	eager	3	18	1099.1	0	288	ddc8008cdeaf
bert-mini	eager	3	19	1099.1	0	288	ddc8008cdeaf
bert-mini	eager	3	20	1102.0	0	288	ddc8008cdeaf
bert-mini	eager	3	21	1097.0	0	288	ddc8008cdeaf
bert-mini	eager	3	22	1098.2	0	288	ddc8008cdeaf
bert-mini	eager	3	23	3768.9	0	288	ddc8008cdeaf
bert-mini	eager	3	24	1103.9	0	288	ddc8008cdeaf
bert-mini	eager	3	25	1102.0	0	288	ddc8008cdeaf
bert-mini	eager	3	26	1102.9	0	288	ddc8008cdeaf
bert-mini	eager	3	27	1105.1	0	288	ddc8008cdeaf
bert-mini	eager	3	28	1099.1	0	288	ddc8008cdeaf
bert-mini	eager	3	29	1103.9	0	288	ddc8008cdeaf
bert-mini	eager	3	30	1104.8	0	288	ddc8008cdeaf
bert-mini	eager	3	31	1103.2	0	288	ddc8008cdeaf
bert-mini	eager	3	32	1111.0	0	288	ddc8008cdeaf
bert-mini	eager	3	33	1102.9	0	288	ddc8008cdeaf
bert-mini	eager	3	34	1099.8	0	288	ddc8008cdeaf
bert-mini	eager	3	35	1103.2	0	288	ddc8008cdeaf
bert-mini	eager	3	36	1103.9	0	288	ddc8008cdeaf
bert-mini	eager	3	37	1104.8	0	288	ddc8008cdeaf
bert-mini	eager	3	38	1104.8	0	288	ddc8008cdeaf
bert-mini	eager	3	39	1107.9	0	288	ddc8008cdeaf
bert-mini	eager	3	40	1102.9	0	288	ddc8008cdeaf
bert-mini	eager	3	41	1107.9	0	288	ddc8008cdeaf
bert-mini	eager	3	42	1105.1	0	288	ddc8008cdeaf
bert-mini	eager	3	43	4019.0	0	288	ddc8008cdeaf
bert-mini	eager	3	44	1107.9	0	288	ddc8008cdeaf
bert-mini	eager	3	45	1109.1	0	288	ddc8008cdeaf
bert-mini	eager	3	46	1100.1	0	288	ddc8008cdeaf
bert-mini	eager	3	47	1100.1	0	288	ddc8008cdeaf
bert-mini	eager	3	48	1099.8	0	288	ddc8008cdeaf
bert-mini	eager	3	49	1107.0	0	288	ddc8008cdeaf
bert-mini	eager	3	50	1105.1	0	288	ddc8008cdeaf
bert-mini	eager	3	51	1107.9	0	288	ddc8008cdeaf
bert-mini	eager	3	52	1110.1	0	288	ddc8008cdeaf
bert-mini	eager	3	53	1110.1	0	288	ddc8008cdeaf
bert-mini	eager	3	54	1107.0	0	288	ddc8008cdeaf
bert-mini	eager	3	55	1110.1	0	288	ddc8008cdeaf
bert-mini	eager	3	56	1101.0	0	288	ddc8008cdeaf
bert-mini	eager	3	57	1105.1	0	288	ddc8008cdeaf
bert-mini	eager	3	58	1106.0	0	288	ddc8008cdeaf
bert-mini	eager	3	59	1104.1	0	288	ddc8008cdeaf
distilgpt2	virtual	1	0	3264254.8	7	254	ddc8008cdeaf
distilgpt2	virtual	1	1	9831.9	0	93	ddc8008cdeaf
distilgpt2	virtual	1	2	1358.0	0	57	ddc8008cdeaf
distilgpt2	virtual	1	3	390888.0	1	87	ddc8008cdeaf
distilgpt2	virtual	1	4	6665.0	0	77	ddc8008cdeaf
distilgpt2	virtual	1	5	3959.2	1	39	ddc8008cdeaf
distilgpt2	virtual	1	6	2515.8	0	39	ddc8008cdeaf
distilgpt2	virtual	1	7	2064.0	0	39	ddc8008cdeaf
distilgpt2	virtual	1	8	1270.1	0	39	ddc8008cdeaf
distilgpt2	virtual	1	9	2023.0	0	39	ddc8008cdeaf
distilgpt2	virtual	1	10	1276.0	0	39	ddc8008cdeaf
distilgpt2	virtual	1	11	1276.0	0	39	ddc8008cdeaf
distilgpt2	virtual	1	12	1951.9	0	39	ddc8008cdeaf
distilgpt2	virtual	1	13	1349.9	0	39	ddc8008cdeaf
distilgpt2	virtual	1	14	1276.0	0	39	ddc8008cdeaf
distilgpt2	virtual	1	15	1268.1	0	39	ddc8008cdeaf
distilgpt2	virtual	1	16	1986.0	0	39	ddc8008cdeaf
distilgpt2	virtual	1	17	1264.1	0	39	ddc8008cdeaf
distilgpt2	virtual	1	18	1294.9	0	39	ddc8008cdeaf
distilgpt2	virtual	1	19	1282.0	0	39	ddc8008cdeaf
distilgpt2	virtual	1	20	1316.1	0	39	ddc8008cdeaf
distilgpt2	virtual	1	21	1950.0	0	39	ddc8008cdeaf
distilgpt2	virtual	1	22	1276.0	0	39	ddc8008cdeaf
distilgpt2	virtual	1	23	1278.9	0	39	ddc8008cdeaf
distilgpt2	virtual	1	24	1332.0	0	39	ddc8008cdeaf
distilgpt2	virtual	1	25	1289.8	0	39	ddc8008cdeaf
distilgpt2	virtual	1	26	1273.2	0	39	ddc8008cdeaf
distilgpt2	virtual	1	27	2089.0	0	39	ddc8008cdeaf
distilgpt2	virtual	1	28	1275.1	0	39	ddc8008cdeaf
distilgpt2	virtual	1	29	1278.9	0	39	ddc8008cdeaf
distilgpt2	virtual	1	30	1270.8	0	39	ddc8008cdeaf
distilgpt2	virtual	1	31	1277.0	0	39	ddc8008cdeaf
distilgpt2	virtual	1	32	1269.1	0	39	ddc8008cdeaf
distilgpt2	virtual	1	33	1275.1	0	39	ddc8008cdeaf
distilgpt2	virtual	1	34	2040.9	0	39	ddc8008cdeaf
distilgpt2	virtual	1	35	1328.9	0	39	ddc8008cdeaf
distilgpt2	virtual	1	36	1336.1	0	39	ddc8008cdeaf
distilgpt2	virtual	1	37	1285.1	0	39	ddc8008cdeaf
distilgpt2	virtual	1	38	1264.8	0	39	ddc8008cdeaf
distilgpt2	virtual	1	39	1272.9	0	39	ddc8008cdeaf
distilgpt2	virtual	1	40	1272.0	0	39	ddc8008cdeaf
distilgpt2	virtual	1	41	1270.1	0	39	ddc8008cdeaf
distilgpt2	virtual	1	42	2071.1	0	39	ddc8008cdeaf
distilgpt2	virtual	1	43	1310.1	0	39	ddc8008cdeaf
distilgpt2	virtual	1	44	1319.9	0	39	ddc8008cdeaf
distilgpt2	virtual	1	45	1281.0	0	39	ddc8008cdeaf
distilgpt2	virtual	1	46	1278.2	0	39	ddc8008cdeaf
distilgpt2	virtual	1	47	1286.0	0	39	ddc8008cdeaf
distilgpt2	virtual	1	48	1270.1	0	39	ddc8008cdeaf
distilgpt2	virtual	1	49	1270.1	0	39	ddc8008cdeaf
distilgpt2	virtual	1	50	1297.0	0	39	ddc8008cdeaf
distilgpt2	virtual	1	51	2643.1	0	39	ddc8008cdeaf
distilgpt2	virtual	1	52	1287.0	0	39	ddc8008cdeaf
distilgpt2	virtual	1	53	1272.0	0	39	ddc8008cdeaf
distilgpt2	virtual	1	54	1334.9	0	39	ddc8008cdeaf
distilgpt2	virtual	1	55	1286.0	0	39	ddc8008cdeaf
distilgpt2	virtual	1	56	1285.1	0	39	ddc8008cdeaf
distilgpt2	virtual	1	57	1286.0	0	39	ddc8008cdeaf
distilgpt2	virtual	1	58	1286.0	0	39	ddc8008cdeaf
distilgpt2	virtual	1	59	1270.1	0	39	ddc8008cdeaf
distilgpt2	deferred	1	0	5121790.2	11	45	ddc8008cdeaf
distilgpt2	deferred	1	1	23893.8	0	45	ddc8008cdeaf
distilgpt2	deferred	1	2	16818.0	0	45	ddc8008cdeaf
distilgpt2	deferred	1	3	5561.8	0	45	ddc8008cdeaf
distilgpt2	deferred	1	4	7584.8	0	45	ddc8008cdeaf
distilgpt2	deferred	1	5	49558.2	0	45	ddc8008cdeaf
distilgpt2	deferred	1	6	4700.9	0	45	ddc8008cdeaf
distilgpt2	deferred	1	7	5497.9	0	45	ddc8008cdeaf
distilgpt2	deferred	1	8	1423.1	0	45	ddc8008cdeaf
distilgpt2	deferred	1	9	6031.0	0	45	ddc8008cdeaf
distilgpt2	deferred	1	10	2445.0	0	45	ddc8008cdeaf
distilgpt2	deferred	1	11	1321.1	0	45	ddc8008cdeaf
distilgpt2	deferred	1	12	2892.0	0	45	ddc8008cdeaf
distilgpt2	deferred	1	13	1322.0	0	45	ddc8008cdeaf
distilgpt2	deferred	1	14	1313.0	0	45	ddc8008cdeaf
distilgpt2	deferred	1	15	1373.1	0	45	ddc8008cdeaf
distilgpt2	deferred	1	16	3363.1	0	45	ddc8008cdeaf
distilgpt2	deferred	1	17	1889.0	0	45	ddc8008cdeaf
distilgpt2	deferred	1	18	6179.1	0	45	ddc8008cdeaf
distilgpt2	deferred	1	19	4301.1	0	45	ddc8008cdeaf
distilgpt2	deferred	1	20	9028.9	0	45	ddc8008cdeaf
distilgpt2	deferred	1	21	1376.2	0	45	ddc8008cdeaf
distilgpt2	deferred	1	22	3540.0	0	45	ddc8008cdeaf
distilgpt2	deferred	1	23	1330.1	0	45	ddc8008cdeaf
distilgpt2	deferred	1	24	1309.9	0	45	ddc8008cdeaf
distilgpt2	deferred	1	25	1309.9	0	45	ddc8008cdeaf
distilgpt2	deferred	1	26	1338.0	0	45	ddc8008cdeaf
distilgpt2	deferred	1	27	2993.8	0	45	ddc8008cdeaf
distilgpt2	deferred	1	28	1311.1	0	45	ddc8008cdeaf
distilgpt2	deferred	1	29	6483.1	0	45	ddc8008cdeaf
distilgpt2	deferred	1	30	1333.0	0	45	ddc8008cdeaf
distilgpt2	deferred	1	31	1313.2	0	45	ddc8008cdeaf
distilgpt2	deferred	1	32	4781.0	0	45	ddc8008cdeaf
distilgpt2	deferred	1	33	1332.0	0	45	ddc8008cdeaf
distilgpt2	deferred	1	34	11424.1	0	45	ddc8008cdeaf
distilgpt2	deferred	1	35	1308.0	0	45	ddc8008cdeaf
distilgpt2	deferred	1	36	1400.0	0	45	ddc8008cdeaf
distilgpt2	deferred	1	37	1379.0	0	45	ddc8008cdeaf
distilgpt2	deferred	1	38	2872.9	0	45	ddc8008cdeaf
distilgpt2	deferred	1	39	4717.8	0	45	ddc8008cdeaf
distilgpt2	deferred	1	40	1310.8	0	45	ddc8008cdeaf
distilgpt2	deferred	1	41	1327.0	0	45	ddc8008cdeaf
distilgpt2	deferred	1	42	1332.0	0	45	ddc8008cdeaf
distilgpt2	deferred	1	43	13701.2	0	45	ddc8008cdeaf
distilgpt2	deferred	1	44	4375.9	0	45	ddc8008cdeaf
distilgpt2	deferred	1	45	1331.8	0	45	ddc8008cdeaf
distilgpt2	deferred	1	46	1318.0	0	45	ddc8008cdeaf
distilgpt2	deferred	1	47	1315.1	0	45	ddc8008cdeaf
distilgpt2	deferred	1	48	1318.9	0	45	ddc8008cdeaf
distilgpt2	deferred	1	49	6063.9	0	45	ddc8008cdeaf
distilgpt2	deferred	1	50	1343.0	0	45	ddc8008cdeaf
distilgpt2	deferred	1	51	4039.0	0	45	ddc8008cdeaf
distilgpt2	deferred	1	52	1318.0	0	45	ddc8008cdeaf
distilgpt2	deferred	1	53	1321.1	0	45	ddc8008cdeaf
distilgpt2	deferred	1	54	1316.1	0	45	ddc8008cdeaf
distilgpt2	deferred	1	55	1313.9	0	45	ddc8008cdeaf
distilgpt2	deferred	1	56	1326.8	0	45	ddc8008cdeaf
distilgpt2	deferred	1	57	1345.9	0	45	ddc8008cdeaf
distilgpt2	deferred	1	58	14642.0	0	45	ddc8008cdeaf
distilgpt2	deferred	1	59	4493.0	0	45	ddc8008cdeaf
distilgpt2	eager	1	0	1135547.9	1	272	ddc8008cdeaf
distilgpt2	eager	1	1	10387.2	0	272	ddc8008cdeaf
distilgpt2	eager	1	2	1996.0	0	272	ddc8008cdeaf
distilgpt2	eager	1	3	10431.1	0	272	ddc8008cdeaf
distilgpt2	eager	1	4	3693.8	0	272	ddc8008cdeaf
distilgpt2	eager	1	5	4122.0	0	272	ddc8008cdeaf
distilgpt2	eager	1	6	1982.0	0	272	ddc8008cdeaf
distilgpt2	eager	1	7	3113.0	0	272	ddc8008cdeaf
distilgpt2	eager	1	8	2406.1	0	272	ddc8008cdeaf
distilgpt2	eager	1	9	1991.0	0	272	ddc8008cdeaf
distilgpt2	eager	1	10	1972.0	0	272	ddc8008cdeaf
distilgpt2	eager	1	11	2485.0	0	272	ddc8008cdeaf
distilgpt2	eager	1	12	1991.0	0	272	ddc8008cdeaf
distilgpt2	eager	1	13	2019.9	0	272	ddc8008cdeaf
distilgpt2	eager	1	14	1974.1	0	272	ddc8008cdeaf
distilgpt2	eager	1	15	2605.0	0	272	ddc8008cdeaf
distilgpt2	eager	1	16	1991.0	0	272	ddc8008cdeaf
distilgpt2	eager	1	17	1968.9	0	272	ddc8008cdeaf
distilgpt2	eager	1	18	1962.9	0	272	ddc8008cdeaf
distilgpt2	eager	1	19	2322.9	0	272	ddc8008cdeaf
distilgpt2	eager	1	20	1984.1	0	272	ddc8008cdeaf
distilgpt2	eager	1	21	1965.0	0	272	ddc8008cdeaf
distilgpt2	eager	1	22	1989.1	0	272	ddc8008cdeaf
distilgpt2	eager	1	23	2016.1	0	272	ddc8008cdeaf
distilgpt2	eager	1	24	2584.0	0	272	ddc8008cdeaf
distilgpt2	eager	1	25	2012.0	0	272	ddc8008cdeaf
distilgpt2	eager	1	26	1977.0	0	272	ddc8008cdeaf
distilgpt2	eager	1	27	1997.0	0	272	ddc8008cdeaf
distilgpt2	eager	1	28	2003.0	0	272	ddc8008cdeaf
distilgpt2	eager	1	29	2041.1	0	272	ddc8008cdeaf
distilgpt2	eager	1	30	2672.2	0	272	ddc8008cdeaf
distilgpt2	eager	1	31	1991.0	0	272	ddc8008cdeaf
distilgpt2	eager	1	32	1981.0	0	272	ddc8008cdeaf
distilgpt2	eager	1	33	1985.1	0	272	ddc8008cdeaf
distilgpt2	eager	1	34	1986.0	0	272	ddc8008cdeaf
distilgpt2	eager	1	35	2004.1	0	272	ddc8008cdeaf
distilgpt2	eager	1	36	1979.8	0	272	ddc8008cdeaf
distilgpt2	eager	1	37	2537.0	0	272	ddc8008cdeaf
distilgpt2	eager	1	38	1967.9	0	272	ddc8008cdeaf
distilgpt2	eager	1	39	2047.8	0	272	ddc8008cdeaf
distilgpt2	eager	1	40	1978.9	0	272	ddc8008cdeaf
distilgpt2	eager	1	41	1972.9	0	272	ddc8008cdeaf
distilgpt2	eager	1	42	1977.9	0	272	ddc8008cdeaf
distilgpt2	eager	1	43	1987.9	0	272	ddc8008cdeaf
distilgpt2	eager	1	44	1980.1	0	272	ddc8008cdeaf
distilgpt2	eager	1	45	2639.1	0	272	ddc8008cdeaf
distilgpt2	eager	1	46	1995.1	0	272	ddc8008cdeaf
distilgpt2	eager	1	47	1977.0	0	272	ddc8008cdeaf
distilgpt2	eager	1	48	1984.8	0	272	ddc8008cdeaf
distilgpt2	eager	1	49	1969.1	0	272	ddc8008cdeaf
distilgpt2	eager	1	50	1969.1	0	272	ddc8008cdeaf
distilgpt2	eager	1	51	2037.0	0	272	ddc8008cdeaf
distilgpt2	eager	1	52	1979.1	0	272	ddc8008cdeaf
distilgpt2	eager	1	53	1977.0	0	272	ddc8008cdeaf
distilgpt2	eager	1	54	2701.0	0	272	ddc8008cdeaf
distilgpt2	eager	1	55	2038.0	0	272	ddc8008cdeaf
distilgpt2	eager	1	56	2000.1	0	272	ddc8008cdeaf
distilgpt2	eager	1	57	1975.1	0	272	ddc8008cdeaf
distilgpt2	eager	1	58	1973.2	0	272	ddc8008cdeaf
distilgpt2	eager	1	59	1991.0	0	272	ddc8008cdeaf
distilgpt2	virtual	2	0	3254192.1	7	254	ddc8008cdeaf
distilgpt2	virtual	2	1	10524.0	0	93	ddc8008cdeaf
distilgpt2	virtual	2	2	1368.0	0	57	ddc8008cdeaf
distilgpt2	virtual	2	3	393367.8	1	87	ddc8008cdeaf
distilgpt2	virtual	2	4	6850.0	0	77	ddc8008cdeaf
distilgpt2	virtual	2	5	3975.2	1	39	ddc8008cdeaf
distilgpt2	virtual	2	6	2533.9	0	39	ddc8008cdeaf
distilgpt2	virtual	2	7	2077.8	0	39	ddc8008cdeaf
distilgpt2	virtual	2	8	1286.0	0	39	ddc8008cdeaf
distilgpt2	virtual	2	9	1960.0	0	39	ddc8008cdeaf
distilgpt2	virtual	2	10	1282.9	0	39	ddc8008cdeaf
distilgpt2	virtual	2	11	1328.9	0	39	ddc8008cdeaf
distilgpt2	virtual	2	12	1961.9	0	39	ddc8008cdeaf
distilgpt2	virtual	2	13	1287.9	0	39	ddc8008cdeaf
distilgpt2	virtual	2	14	1298.9	0	39	ddc8008cdeaf
distilgpt2	virtual	2	15	1287.9	0	39	ddc8008cdeaf
distilgpt2	virtual	2	16	1977.0	0	39	ddc8008cdeaf
distilgpt2	virtual	2	17	1283.9	0	39	ddc8008cdeaf
distilgpt2	virtual	2	18	1292.9	0	39	ddc8008cdeaf
distilgpt2	virtual	2	19	1277.0	0	39	ddc8008cdeaf
distilgpt2	virtual	2	20	1280.1	0	39	ddc8008cdeaf
distilgpt2	virtual	2	21	1957.9	0	39	ddc8008cdeaf
distilgpt2	virtual	2	22	1283.9	0	39	ddc8008cdeaf
distilgpt2	virtual	2	23	1284.1	0	39	ddc8008cdeaf
distilgpt2	virtual	2	24	1300.1	0	39	ddc8008cdeaf
distilgpt2	virtual	2	25	1326.1	0	39	ddc8008cdeaf
distilgpt2	virtual	2	26	1268.9	0	39	ddc8008cdeaf
distilgpt2	virtual	2	27	2030.8	0	39	ddc8008cdeaf
distilgpt2	virtual	2	28	1268.1	0	39	ddc8008cdeaf
distilgpt2	virtual	2	29	1337.1	0	39	ddc8008cdeaf
distilgpt2	virtual	2	30	1282.0	0	39	ddc8008cdeaf
distilgpt2	virtual	2	31	1283.2	0	39	ddc8008cdeaf
distilgpt2	virtual	2	32	1277.0	0	39	ddc8008cdeaf
distilgpt2	virtual	2	33	1282.0	0	39	ddc8008cdeaf
distilgpt2	virtual	2	34	2133.1	0	39	ddc8008cdeaf
distilgpt2	virtual	2	35	1344.0	0	39	ddc8008cdeaf
distilgpt2	virtual	2	36	1292.9	0	39	ddc8008cdeaf
distilgpt2	virtual	2	37	1271.0	0	39	ddc8008cdeaf
distilgpt2	virtual	2	38	1293.2	0	39	ddc8008cdeaf
distilgpt2	virtual	2	39	1281.0	0	39	ddc8008cdeaf
distilgpt2	virtual	2	40	1334.9	0	39	ddc8008cdeaf
distilgpt2	virtual	2	41	1283.9	0	39	ddc8008cdeaf
distilgpt2	virtual	2	42	2207.0	0	39	ddc8008cdeaf
distilgpt2	virtual	2	43	1284.1	0	39	ddc8008cdeaf
distilgpt2	virtual	2	44	1303.9	0	39	ddc8008cdeaf
distilgpt2	virtual	2	45	1286.0	0	39	ddc8008cdeaf
distilgpt2	virtual	2	46	1348.0	0	39	ddc8008cdeaf
distilgpt2	virtual	2	47	1267.9	0	39	ddc8008cdeaf
distilgpt2	virtual	2	48	1286.0	0	39	ddc8008cdeaf
distilgpt2	virtual	2	49	1304.1	0	39	ddc8008cdeaf
distilgpt2	virtual	2	50	1277.0	0	39	ddc8008cdeaf
distilgpt2	virtual	2	51	2169.1	0	39	ddc8008cdeaf
distilgpt2	virtual	2	52	1293.9	0	39	ddc8008cdeaf
distilgpt2	virtual	2	53	1290.8	0	39	ddc8008cdeaf
distilgpt2	virtual	2	54	1295.8	0	39	ddc8008cdeaf
distilgpt2	virtual	2	55	1274.8	0	39	ddc8008cdeaf
distilgpt2	virtual	2	56	1283.9	0	39	ddc8008cdeaf
distilgpt2	virtual	2	57	1269.1	0	39	ddc8008cdeaf
distilgpt2	virtual	2	58	1278.9	0	39	ddc8008cdeaf
distilgpt2	virtual	2	59	1292.0	0	39	ddc8008cdeaf
distilgpt2	deferred	2	0	5774149.2	11	45	ddc8008cdeaf
distilgpt2	deferred	2	1	37450.1	0	45	ddc8008cdeaf
distilgpt2	deferred	2	2	25593.0	0	45	ddc8008cdeaf
distilgpt2	deferred	2	3	10854.0	0	45	ddc8008cdeaf
distilgpt2	deferred	2	4	13190.0	0	45	ddc8008cdeaf
distilgpt2	deferred	2	5	71965.2	0	45	ddc8008cdeaf
distilgpt2	deferred	2	6	7504.0	0	45	ddc8008cdeaf
distilgpt2	deferred	2	7	9007.2	0	45	ddc8008cdeaf
distilgpt2	deferred	2	8	3627.8	0	45	ddc8008cdeaf
distilgpt2	deferred	2	9	11199.0	0	45	ddc8008cdeaf
distilgpt2	deferred	2	10	2981.9	0	45	ddc8008cdeaf
distilgpt2	deferred	2	11	1354.0	0	45	ddc8008cdeaf
distilgpt2	deferred	2	12	9325.0	0	45	ddc8008cdeaf
distilgpt2	deferred	2	13	1398.1	0	45	ddc8008cdeaf
distilgpt2	deferred	2	14	1318.9	0	45	ddc8008cdeaf
distilgpt2	deferred	2	15	1323.0	0	45	ddc8008cdeaf
distilgpt2	deferred	2	16	6365.1	0	45	ddc8008cdeaf
distilgpt2	deferred	2	17	2233.0	0	45	ddc8008cdeaf
distilgpt2	deferred	2	18	10662.8	0	45	ddc8008cdeaf
distilgpt2	deferred	2	19	7378.8	0	45	ddc8008cdeaf
distilgpt2	deferred	2	20	15004.9	0	45	ddc8008cdeaf
distilgpt2	deferred	2	21	1421.0	0	45	ddc8008cdeaf
distilgpt2	deferred	2	22	6629.0	0	45	ddc8008cdeaf
distilgpt2	deferred	2	23	1364.0	0	45	ddc8008cdeaf
distilgpt2	deferred	2	24	1329.9	0	45	ddc8008cdeaf
distilgpt2	deferred	2	25	1371.9	0	45	ddc8008cdeaf
distilgpt2	deferred	2	26	1314.9	0	45	ddc8008cdeaf
distilgpt2	deferred	2	27	6253.0	0	45	ddc8008cdeaf
distilgpt2	deferred	2	28	1374.0	0	45	ddc8008cdeaf
distilgpt2	deferred	2	29	8251.9	0	45	ddc8008cdeaf
distilgpt2	deferred	2	30	1811.0	0	45	ddc8008cdeaf
distilgpt2	deferred	2	31	1367.1	0	45	ddc8008cdeaf
distilgpt2	deferred	2	32	7546.2	0	45	ddc8008cdeaf
distilgpt2	deferred	2	33	1364.9	0	45	ddc8008cdeaf
distilgpt2	deferred	2	34	14682.1	0	45	ddc8008cdeaf
distilgpt2	deferred	2	35	1372.1	0	45	ddc8008cdeaf
distilgpt2	deferred	2	36	1552.8	0	45	ddc8008cdeaf
distilgpt2	deferred	2	37	1339.0	0	45	ddc8008cdeaf
distilgpt2	deferred	2	38	3360.0	0	45	ddc8008cdeaf
distilgpt2	deferred	2	39	7183.8	0	45	ddc8008cdeaf
distilgpt2	deferred	2	40	1380.2	0	45	ddc8008cdeaf
distilgpt2	deferred	2	41	1318.9	0	45	ddc8008cdeaf
distilgpt2	deferred	2	42	1323.9	0	45	ddc8008cdeaf
distilgpt2	deferred	2	43	17193.1	0	45	ddc8008cdeaf
distilgpt2	deferred	2	44	7859.0	0	45	ddc8008cdeaf
distilgpt2	deferred	2	45	1407.9	0	45	ddc8008cdeaf
distilgpt2	deferred	2	46	1320.1	0	45	ddc8008cdeaf
distilgpt2	deferred	2	47	1341.1	0	45	ddc8008cdeaf
distilgpt2	deferred	2	48	1322.0	0	45	ddc8008cdeaf
distilgpt2	deferred	2	49	7199.0	0	45	ddc8008cdeaf
distilgpt2	deferred	2	50	1598.8	0	45	ddc8008cdeaf
distilgpt2	deferred	2	51	7067.0	0	45	ddc8008cdeaf
distilgpt2	deferred	2	52	1455.1	0	45	ddc8008cdeaf
distilgpt2	deferred	2	53	1329.9	0	45	ddc8008cdeaf
distilgpt2	deferred	2	54	1322.0	0	45	ddc8008cdeaf
distilgpt2	deferred	2	55	1319.9	0	45	ddc8008cdeaf
distilgpt2	deferred	2	56	1326.1	0	45	ddc8008cdeaf
distilgpt2	deferred	2	57	1436.9	0	45	ddc8008cdeaf
distilgpt2	deferred	2	58	30734.1	0	45	ddc8008cdeaf
distilgpt2	deferred	2	59	10174.0	0	45	ddc8008cdeaf
distilgpt2	eager	2	0	1151418.0	1	272	ddc8008cdeaf
distilgpt2	eager	2	1	21225.9	0	272	ddc8008cdeaf
distilgpt2	eager	2	2	2162.0	0	272	ddc8008cdeaf
distilgpt2	eager	2	3	21488.9	0	272	ddc8008cdeaf
distilgpt2	eager	2	4	6107.1	0	272	ddc8008cdeaf
distilgpt2	eager	2	5	6111.1	0	272	ddc8008cdeaf
distilgpt2	eager	2	6	2001.0	0	272	ddc8008cdeaf
distilgpt2	eager	2	7	6342.9	0	272	ddc8008cdeaf
distilgpt2	eager	2	8	5430.0	0	272	ddc8008cdeaf
distilgpt2	eager	2	9	2041.1	0	272	ddc8008cdeaf
distilgpt2	eager	2	10	2012.0	0	272	ddc8008cdeaf
distilgpt2	eager	2	11	5730.9	0	272	ddc8008cdeaf
distilgpt2	eager	2	12	2013.9	0	272	ddc8008cdeaf
distilgpt2	eager	2	13	2013.0	0	272	ddc8008cdeaf
distilgpt2	eager	2	14	2003.0	0	272	ddc8008cdeaf
distilgpt2	eager	2	15	6650.0	0	272	ddc8008cdeaf
distilgpt2	eager	2	16	2071.9	0	272	ddc8008cdeaf
distilgpt2	eager	2	17	2008.9	0	272	ddc8008cdeaf
distilgpt2	eager	2	18	2013.0	0	272	ddc8008cdeaf
distilgpt2	eager	2	19	6139.0	0	272	ddc8008cdeaf
distilgpt2	eager	2	20	2015.8	0	272	ddc8008cdeaf
distilgpt2	eager	2	21	1995.1	0	272	ddc8008cdeaf
distilgpt2	eager	2	22	1997.0	0	272	ddc8008cdeaf
distilgpt2	eager	2	23	2006.1	0	272	ddc8008cdeaf
distilgpt2	eager	2	24	5388.0	0	272	ddc8008cdeaf
distilgpt2	eager	2	25	2040.1	0	272	ddc8008cdeaf
distilgpt2	eager	2	26	2000.1	0	272	ddc8008cdeaf
distilgpt2	eager	2	27	2059.0	0	272	ddc8008cdeaf
distilgpt2	eager	2	28	2015.1	0	272	ddc8008cdeaf
distilgpt2	eager	2	29	2052.1	0	272	ddc8008cdeaf
distilgpt2	eager	2	30	4766.9	0	272	ddc8008cdeaf
distilgpt2	eager	2	31	2007.0	0	272	ddc8008cdeaf
distilgpt2	eager	2	32	1987.9	0	272	ddc8008cdeaf
distilgpt2	eager	2	33	1978.2	0	272	ddc8008cdeaf
distilgpt2	eager	2	34	2039.0	0	272	ddc8008cdeaf
distilgpt2	eager	2	35	1980.1	0	272	ddc8008cdeaf
distilgpt2	eager	2	36	2019.2	0	272	ddc8008cdeaf
distilgpt2	eager	2	37	3061.1	0	272	ddc8008cdeaf
distilgpt2	eager	2	38	2001.0	0	272	ddc8008cdeaf
distilgpt2	eager	2	39	1969.8	0	272	ddc8008cdeaf
distilgpt2	eager	2	40	2003.0	0	272	ddc8008cdeaf
distilgpt2	eager	2	41	1987.0	0	272	ddc8008cdeaf
distilgpt2	eager	2	42	1988.9	0	272	ddc8008cdeaf
distilgpt2	eager	2	43	2001.0	0	272	ddc8008cdeaf
distilgpt2	eager	2	44	1970.1	0	272	ddc8008cdeaf
distilgpt2	eager	2	45	2677.9	0	272	ddc8008cdeaf
distilgpt2	eager	2	46	1981.0	0	272	ddc8008cdeaf
distilgpt2	eager	2	47	2044.0	0	272	ddc8008cdeaf
distilgpt2	eager	2	48	1994.8	0	272	ddc8008cdeaf
distilgpt2	eager	2	49	2005.1	0	272	ddc8008cdeaf
distilgpt2	eager	2	50	1992.0	0	272	ddc8008cdeaf
distilgpt2	eager	2	51	1980.8	0	272	ddc8008cdeaf
distilgpt2	eager	2	52	1970.1	0	272	ddc8008cdeaf
distilgpt2	eager	2	53	2033.9	0	272	ddc8008cdeaf
distilgpt2	eager	2	54	5381.8	0	272	ddc8008cdeaf
distilgpt2	eager	2	55	2008.9	0	272	ddc8008cdeaf
distilgpt2	eager	2	56	1977.0	0	272	ddc8008cdeaf
distilgpt2	eager	2	57	1986.0	0	272	ddc8008cdeaf
distilgpt2	eager	2	58	2039.0	0	272	ddc8008cdeaf
distilgpt2	eager	2	59	1993.9	0	272	ddc8008cdeaf
distilgpt2	virtual	3	0	3561885.8	7	254	ddc8008cdeaf
distilgpt2	virtual	3	1	12484.1	0	93	ddc8008cdeaf
distilgpt2	virtual	3	2	1380.2	0	57	ddc8008cdeaf
distilgpt2	virtual	3	3	417302.8	1	87	ddc8008cdeaf
distilgpt2	virtual	3	4	7552.9	0	77	ddc8008cdeaf
distilgpt2	virtual	3	5	4751.9	1	39	ddc8008cdeaf
distilgpt2	virtual	3	6	3449.0	0	39	ddc8008cdeaf
distilgpt2	virtual	3	7	3060.1	0	39	ddc8008cdeaf
distilgpt2	virtual	3	8	1274.1	0	39	ddc8008cdeaf
distilgpt2	virtual	3	9	2808.1	0	39	ddc8008cdeaf
distilgpt2	virtual	3	10	1299.1	0	39	ddc8008cdeaf
distilgpt2	virtual	3	11	1278.2	0	39	ddc8008cdeaf
distilgpt2	virtual	3	12	2835.0	0	39	ddc8008cdeaf
distilgpt2	virtual	3	13	1296.0	0	39	ddc8008cdeaf
distilgpt2	virtual	3	14	1292.9	0	39	ddc8008cdeaf
distilgpt2	virtual	3	15	1281.0	0	39	ddc8008cdeaf
distilgpt2	virtual	3	16	3004.1	0	39	ddc8008cdeaf
distilgpt2	virtual	3	17	1284.1	0	39	ddc8008cdeaf
distilgpt2	virtual	3	18	1289.1	0	39	ddc8008cdeaf
distilgpt2	virtual	3	19	1282.0	0	39	ddc8008cdeaf
distilgpt2	virtual	3	20	1290.1	0	39	ddc8008cdeaf
distilgpt2	virtual	3	21	3243.0	0	39	ddc8008cdeaf
distilgpt2	virtual	3	22	1287.9	0	39	ddc8008cdeaf
distilgpt2	virtual	3	23	1282.0	0	39	ddc8008cdeaf
distilgpt2	virtual	3	24	1295.8	0	39	ddc8008cdeaf
distilgpt2	virtual	3	25	1287.9	0	39	ddc8008cdeaf
distilgpt2	virtual	3	26	1275.1	0	39	ddc8008cdeaf
distilgpt2	virtual	3	27	3233.9	0	39	ddc8008cdeaf
distilgpt2	virtual	3	28	1305.8	0	39	ddc8008cdeaf
distilgpt2	virtual	3	29	1289.8	0	39	ddc8008cdeaf
distilgpt2	virtual	3	30	1283.9	0	39	ddc8008cdeaf
distilgpt2	virtual	3	31	1287.0	0	39	ddc8008cdeaf
distilgpt2	virtual	3	32	1301.1	0	39	ddc8008cdeaf
distilgpt2	virtual	3	33	1280.1	0	39	ddc8008cdeaf
distilgpt2	virtual	3	34	3552.2	0	39	ddc8008cdeaf
distilgpt2	virtual	3	35	1290.1	0	39	ddc8008cdeaf
distilgpt2	virtual	3	36	1310.1	0	39	ddc8008cdeaf
distilgpt2	virtual	3	37	1277.9	0	39	ddc8008cdeaf
distilgpt2	virtual	3	38	1273.9	0	39	ddc8008cdeaf
distilgpt2	virtual	3	39	1342.1	0	39	ddc8008cdeaf
distilgpt2	virtual	3	40	1291.0	0	39	ddc8008cdeaf
distilgpt2	virtual	3	41	1288.2	0	39	ddc8008cdeaf
distilgpt2	virtual	3	42	3330.9	0	39	ddc8008cdeaf
distilgpt2	virtual	3	43	1278.9	0	39	ddc8008cdeaf
distilgpt2	virtual	3	44	1278.2	0	39	ddc8008cdeaf
distilgpt2	virtual	3	45	1278.9	0	39	ddc8008cdeaf
distilgpt2	virtual	3	46	1298.2	0	39	ddc8008cdeaf
distilgpt2	virtual	3	47	1307.0	0	39	ddc8008cdeaf
distilgpt2	virtual	3	48	1337.1	0	39	ddc8008cdeaf
distilgpt2	virtual	3	49	1295.1	0	39	ddc8008cdeaf
distilgpt2	virtual	3	50	1282.2	0	39	ddc8008cdeaf
distilgpt2	virtual	3	51	3585.8	0	39	ddc8008cdeaf
distilgpt2	virtual	3	52	1292.9	0	39	ddc8008cdeaf
distilgpt2	virtual	3	53	1348.0	0	39	ddc8008cdeaf
distilgpt2	virtual	3	54	1284.1	0	39	ddc8008cdeaf
distilgpt2	virtual	3	55	1279.1	0	39	ddc8008cdeaf
distilgpt2	virtual	3	56	1286.0	0	39	ddc8008cdeaf
distilgpt2	virtual	3	57	1290.1	0	39	ddc8008cdeaf
distilgpt2	virtual	3	58	1304.9	0	39	ddc8008cdeaf
distilgpt2	virtual	3	59	1282.0	0	39	ddc8008cdeaf
distilgpt2	deferred	3	0	5510865.0	11	45	ddc8008cdeaf
distilgpt2	deferred	3	1	32489.8	0	45	ddc8008cdeaf
distilgpt2	deferred	3	2	23119.0	0	45	ddc8008cdeaf
distilgpt2	deferred	3	3	8604.0	0	45	ddc8008cdeaf
distilgpt2	deferred	3	4	11004.2	0	45	ddc8008cdeaf
distilgpt2	deferred	3	5	67520.9	0	45	ddc8008cdeaf
distilgpt2	deferred	3	6	6602.0	0	45	ddc8008cdeaf
distilgpt2	deferred	3	7	7859.9	0	45	ddc8008cdeaf
distilgpt2	deferred	3	8	1779.1	0	45	ddc8008cdeaf
distilgpt2	deferred	3	9	8872.0	0	45	ddc8008cdeaf
distilgpt2	deferred	3	10	3066.8	0	45	ddc8008cdeaf
distilgpt2	deferred	3	11	1375.0	0	45	ddc8008cdeaf
distilgpt2	deferred	3	12	4761.0	0	45	ddc8008cdeaf
distilgpt2	deferred	3	13	1347.1	0	45	ddc8008cdeaf
distilgpt2	deferred	3	14	1345.9	0	45	ddc8008cdeaf
distilgpt2	deferred	3	15	1328.9	0	45	ddc8008cdeaf
distilgpt2	deferred	3	16	5474.1	0	45	ddc8008cdeaf
distilgpt2	deferred	3	17	2492.9	0	45	ddc8008cdeaf
distilgpt2	deferred	3	18	8068.1	0	45	ddc8008cdeaf
distilgpt2	deferred	3	19	6860.0	0	45	ddc8008cdeaf
distilgpt2	deferred	3	20	12119.1	0	45	ddc8008cdeaf
distilgpt2	deferred	3	21	1335.1	0	45	ddc8008cdeaf
distilgpt2	deferred	3	22	6228.9	0	45	ddc8008cdeaf
distilgpt2	deferred	3	23	1360.2	0	45	ddc8008cdeaf
distilgpt2	deferred	3	24	1359.9	0	45	ddc8008cdeaf
distilgpt2	deferred	3	25	1388.1	0	45	ddc8008cdeaf
distilgpt2	deferred	3	26	1337.1	0	45	ddc8008cdeaf
distilgpt2	deferred	3	27	5776.2	0	45	ddc8008cdeaf
distilgpt2	deferred	3	28	1357.1	0	45	ddc8008cdeaf
distilgpt2	deferred	3	29	8523.0	0	45	ddc8008cdeaf
distilgpt2	deferred	3	30	1729.0	0	45	ddc8008cdeaf
distilgpt2	deferred	3	31	1411.9	0	45	ddc8008cdeaf
distilgpt2	deferred	3	32	7290.1	0	45	ddc8008cdeaf
distilgpt2	deferred	3	33	1350.9	0	45	ddc8008cdeaf
distilgpt2	deferred	3	34	15437.1	0	45	ddc8008cdeaf
distilgpt2	deferred	3	35	1383.1	0	45	ddc8008cdeaf
distilgpt2	deferred	3	36	1459.1	0	45	ddc8008cdeaf
distilgpt2	deferred	3	37	1326.1	0	45	ddc8008cdeaf
distilgpt2	deferred	3	38	3672.8	0	45	ddc8008cdeaf
distilgpt2	deferred	3	39	6567.0	0	45	ddc8008cdeaf
distilgpt2	deferred	3	40	1341.8	0	45	ddc8008cdeaf
distilgpt2	deferred	3	41	1329.9	0	45	ddc8008cdeaf
distilgpt2	deferred	3	42	1316.1	0	45	ddc8008cdeaf
distilgpt2	deferred	3	43	18183.9	0	45	ddc8008cdeaf
distilgpt2	deferred	3	44	6967.1	0	45	ddc8008cdeaf
distilgpt2	deferred	3	45	1374.0	0	45	ddc8008cdeaf
distilgpt2	deferred	3	46	1346.1	0	45	ddc8008cdeaf
distilgpt2	deferred	3	47	1326.1	0	45	ddc8008cdeaf
distilgpt2	deferred	3	48	1312.0	0	45	ddc8008cdeaf
distilgpt2	deferred	3	49	7947.2	0	45	ddc8008cdeaf
distilgpt2	deferred	3	50	1623.9	0	45	ddc8008cdeaf
distilgpt2	deferred	3	51	6063.0	0	45	ddc8008cdeaf
distilgpt2	deferred	3	52	1354.9	0	45	ddc8008cdeaf
distilgpt2	deferred	3	53	1325.1	0	45	ddc8008cdeaf
distilgpt2	deferred	3	54	1328.0	0	45	ddc8008cdeaf
distilgpt2	deferred	3	55	1344.0	0	45	ddc8008cdeaf
distilgpt2	deferred	3	56	1321.1	0	45	ddc8008cdeaf
distilgpt2	deferred	3	57	1344.0	0	45	ddc8008cdeaf
distilgpt2	deferred	3	58	15457.9	0	45	ddc8008cdeaf
distilgpt2	deferred	3	59	4921.0	0	45	ddc8008cdeaf
distilgpt2	eager	3	0	1033330.9	1	272	ddc8008cdeaf
distilgpt2	eager	3	1	11411.9	0	272	ddc8008cdeaf
distilgpt2	eager	3	2	2018.0	0	272	ddc8008cdeaf
distilgpt2	eager	3	3	11838.9	0	272	ddc8008cdeaf
distilgpt2	eager	3	4	3849.0	0	272	ddc8008cdeaf
distilgpt2	eager	3	5	4773.1	0	272	ddc8008cdeaf
distilgpt2	eager	3	6	1968.1	0	272	ddc8008cdeaf
distilgpt2	eager	3	7	3444.0	0	272	ddc8008cdeaf
distilgpt2	eager	3	8	2768.0	0	272	ddc8008cdeaf
distilgpt2	eager	3	9	1998.9	0	272	ddc8008cdeaf
distilgpt2	eager	3	10	1961.0	0	272	ddc8008cdeaf
distilgpt2	eager	3	11	3273.0	0	272	ddc8008cdeaf
distilgpt2	eager	3	12	2028.0	0	272	ddc8008cdeaf
distilgpt2	eager	3	13	1972.0	0	272	ddc8008cdeaf
distilgpt2	eager	3	14	1980.1	0	272	ddc8008cdeaf
distilgpt2	eager	3	15	3330.9	0	272	ddc8008cdeaf
distilgpt2	eager	3	16	1977.0	0	272	ddc8008cdeaf
distilgpt2	eager	3	17	1978.9	0	272	ddc8008cdeaf
distilgpt2	eager	3	18	2002.0	0	272	ddc8008cdeaf
distilgpt2	eager	3	19	3365.0	0	272	ddc8008cdeaf
distilgpt2	eager	3	20	1980.1	0	272	ddc8008cdeaf
distilgpt2	eager	3	21	1974.1	0	272	ddc8008cdeaf
distilgpt2	eager	3	22	1972.9	0	272	ddc8008cdeaf
distilgpt2	eager	3	23	2028.0	0	272	ddc8008cdeaf
distilgpt2	eager	3	24	3786.8	0	272	ddc8008cdeaf
distilgpt2	eager	3	25	1981.0	0	272	ddc8008cdeaf
distilgpt2	eager	3	26	1990.1	0	272	ddc8008cdeaf
distilgpt2	eager	3	27	2015.1	0	272	ddc8008cdeaf
distilgpt2	eager	3	28	2009.9	0	272	ddc8008cdeaf
distilgpt2	eager	3	29	1978.9	0	272	ddc8008cdeaf
distilgpt2	eager	3	30	3506.2	0	272	ddc8008cdeaf
distilgpt2	eager	3	31	1969.1	0	272	ddc8008cdeaf
distilgpt2	eager	3	32	1982.9	0	272	ddc8008cdeaf
distilgpt2	eager	3	33	1982.0	0	272	ddc8008cdeaf
distilgpt2	eager	3	34	1968.9	0	272	ddc8008cdeaf
distilgpt2	eager	3	35	1996.0	0	272	ddc8008cdeaf
distilgpt2	eager	3	36	1981.0	0	272	ddc8008cdeaf
distilgpt2	eager	3	37	3831.9	0	272	ddc8008cdeaf
distilgpt2	eager	3	38	1976.0	0	272	ddc8008cdeaf
distilgpt2	eager	3	39	1969.1	0	272	ddc8008cdeaf
distilgpt2	eager	3	40	1986.0	0	272	ddc8008cdeaf
distilgpt2	eager	3	41	1967.9	0	272	ddc8008cdeaf
distilgpt2	eager	3	42	1968.1	0	272	ddc8008cdeaf
distilgpt2	eager	3	43	1982.0	0	272	ddc8008cdeaf
distilgpt2	eager	3	44	1982.0	0	272	ddc8008cdeaf
distilgpt2	eager	3	45	3907.9	0	272	ddc8008cdeaf
distilgpt2	eager	3	46	2020.8	0	272	ddc8008cdeaf
distilgpt2	eager	3	47	1973.9	0	272	ddc8008cdeaf
distilgpt2	eager	3	48	1977.2	0	272	ddc8008cdeaf
distilgpt2	eager	3	49	1968.9	0	272	ddc8008cdeaf
distilgpt2	eager	3	50	1983.9	0	272	ddc8008cdeaf
distilgpt2	eager	3	51	1968.1	0	272	ddc8008cdeaf
distilgpt2	eager	3	52	1997.0	0	272	ddc8008cdeaf
distilgpt2	eager	3	53	1961.0	0	272	ddc8008cdeaf
distilgpt2	eager	3	54	3803.0	0	272	ddc8008cdeaf
distilgpt2	eager	3	55	1995.8	0	272	ddc8008cdeaf
distilgpt2	eager	3	56	1900.9	0	272	ddc8008cdeaf
distilgpt2	eager	3	57	1897.1	0	272	ddc8008cdeaf
distilgpt2	eager	3	58	1893.0	0	272	ddc8008cdeaf
distilgpt2	eager	3	59	1920.9	0	272	ddc8008cdeaf
