system	round	length	us
ours	1	32	3057.0
ours	1	48	640592.1
ours	1	64	1821041.1
ours	1	96	10665.2
ours	1	128	18191.1
ours	1	32	4219.1
ours	1	48	1553.1
ours	1	64	1256.9
ours	1	96	4118.2
ours	1	128	1790.0
ours	1	32	947.0
ours	1	48	3221.0
ours	1	64	1248.1
ours	1	96	1689.9
ours	1	128	1744.0
ours	1	32	949.9
ours	1	48	3219.8
ours	1	64	1252.9
ours	1	96	1673.9
ours	1	128	1744.0
ours	1	32	948.0
ours	1	48	1162.1
ours	1	64	3236.1
ours	1	96	1686.1
ours	1	128	1753.8
ours	1	32	946.0
ours	1	48	1169.0
ours	1	64	1232.9
ours	1	96	1700.2
ours	1	128	3319.0
ours	1	32	987.1
ours	1	48	1164.0
ours	1	64	1239.1
ours	1	96	1672.0
ours	1	128	1744.0
ours	1	32	3068.0
ours	1	48	1185.9
ours	1	64	1237.2
ours	1	96	1683.0
ours	1	128	1743.8
ours	1	32	1049.0
ours	1	48	1162.1
ours	1	64	1236.0
ours	1	96	3186.0
ours	1	128	1772.9
ours	1	32	948.0
ours	1	48	1157.0
ours	1	64	1231.0
ours	1	96	1673.0
ours	1	128	1758.1
ours	1	32	946.0
ours	1	48	1159.0
ours	1	64	3071.1
ours	1	96	1693.0
ours	1	128	1745.9
ours	1	32	952.0
ours	1	48	1174.0
ours	1	64	3114.9
ours	1	96	1694.0
ours	1	128	1740.9
ours	1	32	950.8
ours	1	48	1164.0
ours	1	64	1243.8
ours	1	96	1683.0
ours	1	128	1747.1
ours	1	32	946.0
ours	1	48	1161.1
ours	1	64	3217.0
ours	1	96	1696.1
ours	1	128	1740.9
ours	1	32	953.0
ours	1	48	1164.0
ours	1	64	1235.0
ours	1	96	1676.1
ours	1	128	1736.9
ours	1	32	946.0
ours	1	48	1175.9
ours	1	64	3067.0
ours	1	96	1686.8
ours	1	128	1738.1
ours	1	32	951.1
ours	1	48	1159.9
ours	1	64	1231.9
ours	1	96	1681.1
ours	1	128	1740.0
ours	1	32	946.0
ours	1	48	1160.1
ours	1	64	1233.1
ours	1	96	3243.9
ours	1	128	1761.0
ours	1	32	950.8
ours	1	48	1156.1
ours	1	64	1241.0
ours	1	96	1673.0
ours	1	128	1735.0
ours	1	32	949.9
ours	1	48	1166.8
ours	1	64	1229.0
ours	1	96	1675.8
ours	1	128	3295.9
ours	1	32	994.0
ours	1	48	1163.0
ours	1	64	1234.1
ours	1	96	1663.9
ours	1	128	1747.8
ours	1	32	949.1
ours	1	48	1163.0
ours	1	64	1231.0
ours	1	96	1678.0
ours	1	128	1740.9
ours	1	32	3232.0
ours	1	48	1189.0
ours	1	64	1240.0
ours	1	96	1683.0
ours	1	128	1748.1
ours	1	32	943.9
ours	1	48	1153.9
ours	1	64	1231.9
ours	1	96	1669.9
ours	1	128	1741.2
ours	1	32	951.1
ours	1	48	3168.1
ours	1	64	1250.0
ours	1	96	1676.1
ours	1	128	1744.0
ours	1	32	953.9
ours	1	48	1160.9
ours	1	64	1232.1
ours	1	96	1687.0
ours	1	128	1794.1
ours	1	32	961.1
ours	1	48	1153.0
ours	1	64	1238.1
ours	1	96	1683.0
ours	1	128	1731.9
ours	1	32	947.0
ours	1	48	3196.0
ours	1	64	1255.0
ours	1	96	1677.0
ours	1	128	1741.2
ours	1	32	943.2
ours	1	48	1159.9
ours	1	64	1228.1
ours	1	96	1670.8
ours	1	128	1740.0
ours	1	32	951.1
ours	1	48	1153.0
ours	1	64	1238.1
ours	1	96	1682.0
ours	1	128	1744.0
ours	1	32	950.8
ours	1	48	1161.1
ours	1	64	3264.9
ours	1	96	1689.9
ours	1	128	1738.1
ours	1	32	950.1
ours	1	48	1163.0
ours	1	64	1231.0
ours	1	96	1674.2
ours	1	128	1737.1
ours	1	32	948.0
ours	1	48	1158.0
ours	1	64	1239.1
ours	1	96	1669.9
ours	1	128	1735.0
ours	1	32	943.2
ours	1	48	1160.1
ours	1	64	1236.0
ours	1	96	3253.9
ours	1	128	1750.9
ours	1	32	1006.8
ours	1	48	1163.0
ours	1	64	1232.1
ours	1	96	1683.0
ours	1	128	1887.1
ours	1	32	949.9
ours	1	48	1161.8
ours	1	64	1238.1
ours	1	96	1670.8
ours	1	128	1831.1
ours	1	32	949.1
ours	1	48	1159.2
ours	1	64	1233.1
ours	1	96	1673.9
ours	1	128	3387.0
ours	1	32	966.8
ours	1	48	1169.0
ours	1	64	1235.0
ours	1	96	1678.0
ours	1	128	1738.1
ours	1	32	945.1
ours	1	48	1158.0
ours	1	64	1247.9
ours	1	96	1669.9
ours	1	128	1749.0
ours	1	32	948.0
ours	1	48	1159.0
ours	1	64	1231.0
ours	1	96	1669.9
ours	1	128	1742.1
torch-eager	1	32	2343.9
torch-eager	1	48	3103.5
torch-eager	1	64	2744.9
torch-eager	1	96	2968.1
torch-eager	1	128	3180.0
torch-eager	1	32	2480.0
torch-eager	1	48	2444.3
torch-eager	1	64	2428.8
torch-eager	1	96	2573.0
torch-eager	1	128	2597.3
torch-eager	1	32	2361.1
torch-eager	1	48	2410.9
torch-eager	1	64	2404.5
torch-eager	1	96	2506.5
torch-eager	1	128	2589.2
torch-eager	1	32	2354.1
torch-eager	1	48	2397.5
torch-eager	1	64	2405.2
torch-eager	1	96	2525.6
torch-eager	1	128	2579.9
torch-eager	1	32	2359.4
torch-eager	1	48	2433.5
torch-eager	1	64	2478.1
torch-eager	1	96	2543.0
torch-eager	1	128	2578.3
torch-eager	1	32	2357.2
torch-eager	1	48	2389.7
torch-eager	1	64	2397.5
torch-eager	1	96	2521.3
torch-eager	1	128	2686.7
torch-eager	1	32	2352.7
torch-eager	1	48	2404.9
torch-eager	1	64	2404.2
torch-eager	1	96	2533.0
torch-eager	1	128	2562.3
torch-eager	1	32	2354.4
torch-eager	1	48	2403.0
torch-eager	1	64	2394.0
torch-eager	1	96	2522.0
torch-eager	1	128	2558.2
torch-eager	1	32	2331.3
torch-eager	1	48	2417.8
torch-eager	1	64	2410.2
torch-eager	1	96	2561.3
torch-eager	1	128	2563.0
torch-eager	1	32	2342.7
torch-eager	1	48	2377.5
torch-eager	1	64	2419.7
torch-eager	1	96	2508.6
torch-eager	1	128	2545.6
torch-eager	1	32	2344.1
torch-eager	1	48	2390.6
torch-eager	1	64	2387.8
torch-eager	1	96	2502.4
torch-eager	1	128	2567.3
torch-eager	1	32	2554.7
torch-eager	1	48	2408.0
torch-eager	1	64	2401.8
torch-eager	1	96	2516.5
torch-eager	1	128	2553.9
torch-eager	1	32	2369.9
torch-eager	1	48	2382.8
torch-eager	1	64	2410.7
torch-eager	1	96	2533.9
torch-eager	1	128	2622.4
torch-eager	1	32	2373.7
torch-eager	1	48	2381.8
torch-eager	1	64	2412.8
torch-eager	1	96	2513.4
torch-eager	1	128	2564.4
torch-eager	1	32	2336.5
torch-eager	1	48	2378.2
torch-eager	1	64	2438.8
torch-eager	1	96	2512.5
torch-eager	1	128	2558.2
torch-eager	1	32	2329.1
torch-eager	1	48	2414.9
torch-eager	1	64	2399.4
torch-eager	1	96	2519.4
torch-eager	1	128	2560.9
torch-eager	1	32	2333.4
torch-eager	1	48	2409.2
torch-eager	1	64	2397.1
torch-eager	1	96	2528.2
torch-eager	1	128	2547.7
torch-eager	1	32	2328.2
torch-eager	1	48	2398.7
torch-eager	1	64	2392.5
torch-eager	1	96	2515.8
torch-eager	1	128	2553.2
torch-eager	1	32	2354.1
torch-eager	1	48	2384.7
torch-eager	1	64	2400.4
torch-eager	1	96	2507.7
torch-eager	1	128	2555.1
torch-eager	1	32	2341.7
torch-eager	1	48	2375.6
torch-eager	1	64	2413.5
torch-eager	1	96	2515.3
torch-eager	1	128	2578.3
torch-eager	1	32	2336.5
torch-eager	1	48	2424.0
torch-eager	1	64	2399.0
torch-eager	1	96	2537.5
torch-eager	1	128	2551.8
torch-eager	1	32	2326.7
torch-eager	1	48	2402.8
torch-eager	1	64	2453.1
torch-eager	1	96	2529.6
torch-eager	1	128	2545.6
torch-eager	1	32	2344.4
torch-eager	1	48	2413.0
torch-eager	1	64	2399.2
torch-eager	1	96	2532.0
torch-eager	1	128	2543.4
torch-eager	1	32	2337.0
torch-eager	1	48	2402.3
torch-eager	1	64	2398.5
torch-eager	1	96	2515.1
torch-eager	1	128	2565.9
torch-eager	1	32	2339.4
torch-eager	1	48	2389.0
torch-eager	1	64	2404.5
torch-eager	1	96	2509.6
torch-eager	1	128	2574.4
torch-eager	1	32	2328.2
torch-eager	1	48	2391.3
torch-eager	1	64	2407.1
torch-eager	1	96	2508.2
torch-eager	1	128	2570.9
torch-eager	1	32	2356.8
torch-eager	1	48	2375.6
torch-eager	1	64	2398.5
torch-eager	1	96	2506.5
torch-eager	1	128	2544.4
torch-eager	1	32	2354.4
torch-eager	1	48	2377.7
torch-eager	1	64	2393.2
torch-eager	1	96	2518.4
torch-eager	1	128	2546.3
torch-eager	1	32	2327.7
torch-eager	1	48	2405.2
torch-eager	1	64	2404.7
torch-eager	1	96	2509.8
torch-eager	1	128	2543.9
torch-eager	1	32	2340.6
torch-eager	1	48	2401.4
torch-eager	1	64	2408.3
torch-eager	1	96	2510.5
torch-eager	1	128	2547.7
torch-eager	1	32	2335.3
torch-eager	1	48	2383.5
torch-eager	1	64	2389.0
torch-eager	1	96	2501.5
torch-eager	1	128	2550.1
torch-eager	1	32	2322.7
torch-eager	1	48	2398.5
torch-eager	1	64	2401.6
torch-eager	1	96	2513.2
torch-eager	1	128	2549.4
torch-eager	1	32	2361.8
torch-eager	1	48	2397.5
torch-eager	1	64	2392.5
torch-eager	1	96	2517.0
torch-eager	1	128	2562.8
torch-eager	1	32	2342.2
torch-eager	1	48	2386.3
torch-eager	1	64	2419.5
torch-eager	1	96	2520.8
torch-eager	1	128	2552.5
torch-eager	1	32	2332.4
torch-eager	1	48	2402.8
torch-eager	1	64	2399.0
torch-eager	1	96	2525.6
torch-eager	1	128	2548.7
torch-eager	1	32	2332.0
torch-eager	1	48	2393.0
torch-eager	1	64	2390.1
torch-eager	1	96	2524.1
torch-eager	1	128	2549.6
torch-eager	1	32	2337.0
torch-eager	1	48	2392.5
torch-eager	1	64	2394.2
torch-eager	1	96	2508.9
torch-eager	1	128	2533.4
torch-eager	1	32	2347.5
torch-eager	1	48	2408.3
torch-eager	1	64	2394.7
torch-eager	1	96	5956.2
torch-eager	1	128	2655.7
torch-eager	1	32	2404.7
torch-eager	1	48	2419.2
torch-eager	1	64	2416.1
torch-eager	1	96	2546.8
torch-eager	1	128	2577.8
torch-eager	1	32	2347.5
torch-eager	1	48	2411.1
torch-eager	1	64	2395.9
torch-eager	1	96	2512.2
torch-eager	1	128	2556.8
torch-compile-static	1	32	1251.7
torch-compile-static	1	48	371604.0
torch-compile-static	1	64	367714.4
torch-compile-static	1	96	368894.8
torch-compile-static	1	128	370308.2
torch-compile-static	1	32	1559.3
torch-compile-static	1	48	1603.6
torch-compile-static	1	64	1626.7
torch-compile-static	1	96	1838.4
torch-compile-static	1	128	1903.3
torch-compile-static	1	32	1302.5
torch-compile-static	1	48	1503.9
torch-compile-static	1	64	1594.5
torch-compile-static	1	96	1782.7
torch-compile-static	1	128	1855.9
torch-compile-static	1	32	1285.6
torch-compile-static	1	48	1508.2
torch-compile-static	1	64	1581.9
torch-compile-static	1	96	1766.4
torch-compile-static	1	128	1861.8
torch-compile-static	1	32	1300.6
torch-compile-static	1	48	1488.2
torch-compile-static	1	64	1560.4
torch-compile-static	1	96	1786.7
torch-compile-static	1	128	1854.9
torch-compile-static	1	32	1260.0
torch-compile-static	1	48	1463.4
torch-compile-static	1	64	1547.3
torch-compile-static	1	96	1754.5
torch-compile-static	1	128	1865.9
torch-compile-static	1	32	1277.0
torch-compile-static	1	48	1465.3
torch-compile-static	1	64	1540.7
torch-compile-static	1	96	1761.7
torch-compile-static	1	128	1848.5
torch-compile-static	1	32	1257.4
torch-compile-static	1	48	1475.6
torch-compile-static	1	64	1545.7
torch-compile-static	1	96	1757.9
torch-compile-static	1	128	1847.5
torch-compile-static	1	32	1253.4
torch-compile-static	1	48	1493.0
torch-compile-static	1	64	1552.6
torch-compile-static	1	96	1760.2
torch-compile-static	1	128	1848.2
torch-compile-static	1	32	1255.5
torch-compile-static	1	48	1488.2
torch-compile-static	1	64	1545.7
torch-compile-static	1	96	1757.4
torch-compile-static	1	128	1844.6
torch-compile-static	1	32	1270.3
torch-compile-static	1	48	1477.7
torch-compile-static	1	64	1544.5
torch-compile-static	1	96	1765.7
torch-compile-static	1	128	1860.1
torch-compile-static	1	32	1267.9
torch-compile-static	1	48	1478.0
torch-compile-static	1	64	1553.3
torch-compile-static	1	96	1778.6
torch-compile-static	1	128	1850.1
torch-compile-static	1	32	1258.4
torch-compile-static	1	48	1472.9
torch-compile-static	1	64	1553.1
torch-compile-static	1	96	1765.5
torch-compile-static	1	128	1839.6
torch-compile-static	1	32	1271.7
torch-compile-static	1	48	1469.9
torch-compile-static	1	64	1541.9
torch-compile-static	1	96	1751.4
torch-compile-static	1	128	1848.5
torch-compile-static	1	32	1271.5
torch-compile-static	1	48	1472.2
torch-compile-static	1	64	1553.5
torch-compile-static	1	96	1754.0
torch-compile-static	1	128	1849.9
torch-compile-static	1	32	1272.0
torch-compile-static	1	48	1466.0
torch-compile-static	1	64	1567.4
torch-compile-static	1	96	1757.4
torch-compile-static	1	128	1843.2
torch-compile-static	1	32	1269.8
torch-compile-static	1	48	1463.2
torch-compile-static	1	64	1574.5
torch-compile-static	1	96	1762.4
torch-compile-static	1	128	1837.5
torch-compile-static	1	32	1258.9
torch-compile-static	1	48	1471.3
torch-compile-static	1	64	1553.1
torch-compile-static	1	96	1753.1
torch-compile-static	1	128	1835.6
torch-compile-static	1	32	1258.6
torch-compile-static	1	48	1469.9
torch-compile-static	1	64	1542.8
torch-compile-static	1	96	1751.7
torch-compile-static	1	128	1847.7
torch-compile-static	1	32	1260.3
torch-compile-static	1	48	1468.4
torch-compile-static	1	64	1542.8
torch-compile-static	1	96	1745.7
torch-compile-static	1	128	1840.6
torch-compile-static	1	32	1258.1
torch-compile-static	1	48	1477.0
torch-compile-static	1	64	1547.8
torch-compile-static	1	96	1770.5
torch-compile-static	1	128	1855.1
torch-compile-static	1	32	1265.8
torch-compile-static	1	48	1486.3
torch-compile-static	1	64	1550.0
torch-compile-static	1	96	1761.0
torch-compile-static	1	128	1863.5
torch-compile-static	1	32	1254.3
torch-compile-static	1	48	1477.2
torch-compile-static	1	64	1540.7
torch-compile-static	1	96	1757.6
torch-compile-static	1	128	1854.4
torch-compile-static	1	32	1262.7
torch-compile-static	1	48	1474.9
torch-compile-static	1	64	1540.9
torch-compile-static	1	96	1759.3
torch-compile-static	1	128	1857.3
torch-compile-static	1	32	1261.0
torch-compile-static	1	48	1465.3
torch-compile-static	1	64	1545.7
torch-compile-static	1	96	1762.6
torch-compile-static	1	128	1843.0
torch-compile-static	1	32	1259.1
torch-compile-static	1	48	1463.7
torch-compile-static	1	64	1551.9
torch-compile-static	1	96	1753.1
torch-compile-static	1	128	1844.2
torch-compile-static	1	32	1252.4
torch-compile-static	1	48	1473.7
torch-compile-static	1	64	1557.8
torch-compile-static	1	96	1751.2
torch-compile-static	1	128	1838.7
torch-compile-static	1	32	1262.7
torch-compile-static	1	48	1467.0
torch-compile-static	1	64	1554.0
torch-compile-static	1	96	1750.5
torch-compile-static	1	128	1837.3
torch-compile-static	1	32	1261.7
torch-compile-static	1	48	1463.4
torch-compile-static	1	64	1547.1
torch-compile-static	1	96	1791.5
torch-compile-static	1	128	1873.7
torch-compile-static	1	32	1272.4
torch-compile-static	1	48	1473.9
torch-compile-static	1	64	1550.4
torch-compile-static	1	96	1761.2
torch-compile-static	1	128	1840.6
torch-compile-static	1	32	1278.9
torch-compile-static	1	48	1477.2
torch-compile-static	1	64	1542.8
torch-compile-static	1	96	1762.2
torch-compile-static	1	128	1861.8
torch-compile-static	1	32	1263.1
torch-compile-static	1	48	1464.1
torch-compile-static	1	64	1539.5
torch-compile-static	1	96	1758.3
torch-compile-static	1	128	1854.4
torch-compile-static	1	32	1251.9
torch-compile-static	1	48	1480.8
torch-compile-static	1	64	1561.6
torch-compile-static	1	96	1761.4
torch-compile-static	1	128	1849.2
torch-compile-static	1	32	1250.3
torch-compile-static	1	48	1471.3
torch-compile-static	1	64	1548.5
torch-compile-static	1	96	1753.8
torch-compile-static	1	128	1842.0
torch-compile-static	1	32	1274.8
torch-compile-static	1	48	1475.8
torch-compile-static	1	64	1541.4
torch-compile-static	1	96	1761.4
torch-compile-static	1	128	1865.9
torch-compile-static	1	32	1266.0
torch-compile-static	1	48	1470.1
torch-compile-static	1	64	1535.7
torch-compile-static	1	96	1758.8
torch-compile-static	1	128	1854.4
torch-compile-static	1	32	1260.8
torch-compile-static	1	48	1460.3
torch-compile-static	1	64	1539.2
torch-compile-static	1	96	1759.5
torch-compile-static	1	128	1874.0
torch-compile-static	1	32	1270.8
torch-compile-static	1	48	1465.3
torch-compile-static	1	64	1539.7
torch-compile-static	1	96	1746.9
torch-compile-static	1	128	1840.1
torch-compile-static	1	32	1258.1
torch-compile-static	1	48	1466.5
torch-compile-static	1	64	1546.4
torch-compile-static	1	96	1761.0
torch-compile-static	1	128	1841.8
torch-compile-static	1	32	1245.0
torch-compile-static	1	48	1455.5
torch-compile-static	1	64	1552.1
torch-compile-static	1	96	1760.5
torch-compile-static	1	128	1838.0
torch-compile-dynamic	1	32	1350.4
torch-compile-dynamic	1	48	2034.4
torch-compile-dynamic	1	64	1972.0
torch-compile-dynamic	1	96	2159.8
torch-compile-dynamic	1	128	2340.3
torch-compile-dynamic	1	32	1481.3
torch-compile-dynamic	1	48	1618.9
torch-compile-dynamic	1	64	1683.0
torch-compile-dynamic	1	96	1899.0
torch-compile-dynamic	1	128	1986.0
torch-compile-dynamic	1	32	1375.7
torch-compile-dynamic	1	48	1582.9
torch-compile-dynamic	1	64	1662.3
torch-compile-dynamic	1	96	1880.6
torch-compile-dynamic	1	128	1971.2
torch-compile-dynamic	1	32	1352.3
torch-compile-dynamic	1	48	1579.0
torch-compile-dynamic	1	64	1654.9
torch-compile-dynamic	1	96	1850.8
torch-compile-dynamic	1	128	1948.6
torch-compile-dynamic	1	32	1359.7
torch-compile-dynamic	1	48	1570.9
torch-compile-dynamic	1	64	1633.6
torch-compile-dynamic	1	96	1858.5
torch-compile-dynamic	1	128	1976.7
torch-compile-dynamic	1	32	1351.8
torch-compile-dynamic	1	48	1571.2
torch-compile-dynamic	1	64	1624.6
torch-compile-dynamic	1	96	1863.5
torch-compile-dynamic	1	128	1955.5
torch-compile-dynamic	1	32	1329.7
torch-compile-dynamic	1	48	1564.0
torch-compile-dynamic	1	64	1664.9
torch-compile-dynamic	1	96	1856.6
torch-compile-dynamic	1	128	1948.8
torch-compile-dynamic	1	32	1337.1
torch-compile-dynamic	1	48	1588.6
torch-compile-dynamic	1	64	1648.2
torch-compile-dynamic	1	96	1871.3
torch-compile-dynamic	1	128	1957.4
torch-compile-dynamic	1	32	1357.8
torch-compile-dynamic	1	48	1565.7
torch-compile-dynamic	1	64	1644.6
torch-compile-dynamic	1	96	1844.6
torch-compile-dynamic	1	128	1965.5
torch-compile-dynamic	1	32	1343.5
torch-compile-dynamic	1	48	1568.1
torch-compile-dynamic	1	64	1645.3
torch-compile-dynamic	1	96	1869.0
torch-compile-dynamic	1	128	1967.7
torch-compile-dynamic	1	32	1333.5
torch-compile-dynamic	1	48	1580.2
torch-compile-dynamic	1	64	1649.6
torch-compile-dynamic	1	96	1856.1
torch-compile-dynamic	1	128	1956.5
torch-compile-dynamic	1	32	1328.2
torch-compile-dynamic	1	48	1545.7
torch-compile-dynamic	1	64	1644.1
torch-compile-dynamic	1	96	1848.2
torch-compile-dynamic	1	128	1949.1
torch-compile-dynamic	1	32	1328.0
torch-compile-dynamic	1	48	1580.2
torch-compile-dynamic	1	64	1642.2
torch-compile-dynamic	1	96	1854.9
torch-compile-dynamic	1	128	1951.2
torch-compile-dynamic	1	32	1350.6
torch-compile-dynamic	1	48	1574.8
torch-compile-dynamic	1	64	1642.2
torch-compile-dynamic	1	96	1843.0
torch-compile-dynamic	1	128	1961.0
torch-compile-dynamic	1	32	1342.1
torch-compile-dynamic	1	48	1551.2
torch-compile-dynamic	1	64	1628.2
torch-compile-dynamic	1	96	1868.2
torch-compile-dynamic	1	128	1948.6
torch-compile-dynamic	1	32	1323.9
torch-compile-dynamic	1	48	1573.1
torch-compile-dynamic	1	64	1641.0
torch-compile-dynamic	1	96	1844.9
torch-compile-dynamic	1	128	1944.3
torch-compile-dynamic	1	32	1329.2
torch-compile-dynamic	1	48	1573.1
torch-compile-dynamic	1	64	1668.0
torch-compile-dynamic	1	96	1860.4
torch-compile-dynamic	1	128	1951.5
torch-compile-dynamic	1	32	1327.5
torch-compile-dynamic	1	48	1562.1
torch-compile-dynamic	1	64	1637.9
torch-compile-dynamic	1	96	1858.5
torch-compile-dynamic	1	128	1953.8
torch-compile-dynamic	1	32	1356.1
torch-compile-dynamic	1	48	1583.3
torch-compile-dynamic	1	64	1635.1
torch-compile-dynamic	1	96	1866.3
torch-compile-dynamic	1	128	1959.1
torch-compile-dynamic	1	32	1333.5
torch-compile-dynamic	1	48	1545.4
torch-compile-dynamic	1	64	1635.1
torch-compile-dynamic	1	96	1873.7
torch-compile-dynamic	1	128	1952.4
torch-compile-dynamic	1	32	1330.1
torch-compile-dynamic	1	48	1573.8
torch-compile-dynamic	1	64	1646.8
torch-compile-dynamic	1	96	1859.4
torch-compile-dynamic	1	128	1958.1
torch-compile-dynamic	1	32	1337.1
torch-compile-dynamic	1	48	1572.8
torch-compile-dynamic	1	64	1654.4
torch-compile-dynamic	1	96	1850.8
torch-compile-dynamic	1	128	1952.2
torch-compile-dynamic	1	32	1353.3
torch-compile-dynamic	1	48	1561.4
torch-compile-dynamic	1	64	1634.6
torch-compile-dynamic	1	96	1859.2
torch-compile-dynamic	1	128	1981.7
torch-compile-dynamic	1	32	1355.9
torch-compile-dynamic	1	48	1576.7
torch-compile-dynamic	1	64	1642.2
torch-compile-dynamic	1	96	1862.5
torch-compile-dynamic	1	128	1952.2
torch-compile-dynamic	1	32	1320.8
torch-compile-dynamic	1	48	1569.0
torch-compile-dynamic	1	64	1643.7
torch-compile-dynamic	1	96	1841.3
torch-compile-dynamic	1	128	1944.3
torch-compile-dynamic	1	32	1342.3
torch-compile-dynamic	1	48	1565.9
torch-compile-dynamic	1	64	1624.6
torch-compile-dynamic	1	96	1877.5
torch-compile-dynamic	1	128	1964.3
torch-compile-dynamic	1	32	1331.1
torch-compile-dynamic	1	48	1560.7
torch-compile-dynamic	1	64	1652.2
torch-compile-dynamic	1	96	1847.5
torch-compile-dynamic	1	128	1943.1
torch-compile-dynamic	1	32	1329.4
torch-compile-dynamic	1	48	1569.5
torch-compile-dynamic	1	64	1636.7
torch-compile-dynamic	1	96	1857.5
torch-compile-dynamic	1	128	1951.0
torch-compile-dynamic	1	32	1346.1
torch-compile-dynamic	1	48	1566.4
torch-compile-dynamic	1	64	1637.5
torch-compile-dynamic	1	96	1846.3
torch-compile-dynamic	1	128	1966.2
torch-compile-dynamic	1	32	1338.7
torch-compile-dynamic	1	48	1554.3
torch-compile-dynamic	1	64	1642.7
torch-compile-dynamic	1	96	1858.5
torch-compile-dynamic	1	128	1951.9
torch-compile-dynamic	1	32	1334.4
torch-compile-dynamic	1	48	1547.3
torch-compile-dynamic	1	64	1637.2
torch-compile-dynamic	1	96	1860.4
torch-compile-dynamic	1	128	1967.2
torch-compile-dynamic	1	32	1340.2
torch-compile-dynamic	1	48	1575.9
torch-compile-dynamic	1	64	1636.3
torch-compile-dynamic	1	96	1877.5
torch-compile-dynamic	1	128	1959.8
torch-compile-dynamic	1	32	1336.1
torch-compile-dynamic	1	48	1569.3
torch-compile-dynamic	1	64	1657.5
torch-compile-dynamic	1	96	1864.0
torch-compile-dynamic	1	128	1946.0
torch-compile-dynamic	1	32	1322.0
torch-compile-dynamic	1	48	1571.9
torch-compile-dynamic	1	64	1631.3
torch-compile-dynamic	1	96	1846.3
torch-compile-dynamic	1	128	1945.7
torch-compile-dynamic	1	32	1328.0
torch-compile-dynamic	1	48	1566.9
torch-compile-dynamic	1	64	1637.5
torch-compile-dynamic	1	96	1843.2
torch-compile-dynamic	1	128	1958.6
torch-compile-dynamic	1	32	1336.6
torch-compile-dynamic	1	48	1560.9
torch-compile-dynamic	1	64	1652.2
torch-compile-dynamic	1	96	1861.6
torch-compile-dynamic	1	128	1952.6
torch-compile-dynamic	1	32	1333.5
torch-compile-dynamic	1	48	1571.4
torch-compile-dynamic	1	64	1630.1
torch-compile-dynamic	1	96	1841.8
torch-compile-dynamic	1	128	1971.0
torch-compile-dynamic	1	32	1321.8
torch-compile-dynamic	1	48	1549.0
torch-compile-dynamic	1	64	1648.7
torch-compile-dynamic	1	96	1850.1
torch-compile-dynamic	1	128	1938.3
torch-compile-dynamic	1	32	1344.9
torch-compile-dynamic	1	48	1566.9
torch-compile-dynamic	1	64	1634.4
torch-compile-dynamic	1	96	1855.4
torch-compile-dynamic	1	128	2008.0
torch-compile-dynamic	1	32	1363.5
torch-compile-dynamic	1	48	1564.7
torch-compile-dynamic	1	64	1652.5
torch-compile-dynamic	1	96	1849.4
torch-compile-dynamic	1	128	1940.0
ours	2	32	2999.8
ours	2	48	46427.0
ours	2	64	44385.2
ours	2	96	10263.0
ours	2	128	17963.2
ours	2	32	4190.0
ours	2	48	1469.1
ours	2	64	1249.1
ours	2	96	3377.0
ours	2	128	1804.1
ours	2	32	957.0
ours	2	48	3146.9
ours	2	64	1255.0
ours	2	96	1678.9
ours	2	128	1760.0
ours	2	32	950.1
ours	2	48	3228.2
ours	2	64	1247.2
ours	2	96	1672.0
ours	2	128	1758.1
ours	2	32	948.0
ours	2	48	1169.0
ours	2	64	3226.0
ours	2	96	1694.0
ours	2	128	1746.9
ours	2	32	948.0
ours	2	48	1163.0
ours	2	64	1231.0
ours	2	96	1739.0
ours	2	128	3593.9
ours	2	32	981.1
ours	2	48	1177.1
ours	2	64	1245.0
ours	2	96	1692.1
ours	2	128	1771.0
ours	2	32	3101.8
ours	2	48	1176.1
ours	2	64	1241.0
ours	2	96	1679.9
ours	2	128	1739.0
ours	2	32	952.0
ours	2	48	1166.1
ours	2	64	1235.0
ours	2	96	3174.1
ours	2	128	1747.1
ours	2	32	944.9
ours	2	48	1163.0
ours	2	64	1231.0
ours	2	96	1679.9
ours	2	128	1755.0
ours	2	32	952.0
ours	2	48	1176.1
ours	2	64	3058.0
ours	2	96	1694.0
ours	2	128	1745.0
ours	2	32	947.0
ours	2	48	1160.9
ours	2	64	3346.2
ours	2	96	1699.0
ours	2	128	1747.8
ours	2	32	947.0
ours	2	48	1166.8
ours	2	64	1237.2
ours	2	96	1679.9
ours	2	128	1744.0
ours	2	32	949.9
ours	2	48	1167.1
ours	2	64	3218.2
ours	2	96	1699.0
ours	2	128	1761.0
ours	2	32	962.0
ours	2	48	1159.9
ours	2	64	1236.9
ours	2	96	1680.1
ours	2	128	1745.9
ours	2	32	948.0
ours	2	48	1162.1
ours	2	64	3149.0
ours	2	96	1689.0
ours	2	128	1750.0
ours	2	32	953.9
ours	2	48	1175.9
ours	2	64	1232.9
ours	2	96	1672.0
ours	2	128	1829.1
ours	2	32	952.0
ours	2	48	1167.1
ours	2	64	1238.1
ours	2	96	3335.0
ours	2	128	1770.0
ours	2	32	958.9
ours	2	48	1156.8
ours	2	64	1235.0
ours	2	96	1681.1
ours	2	128	1751.9
ours	2	32	953.0
ours	2	48	1166.1
ours	2	64	1237.2
ours	2	96	1710.9
ours	2	128	3420.1
ours	2	32	968.9
ours	2	48	1166.8
ours	2	64	1236.0
ours	2	96	1716.9
ours	2	128	1767.9
ours	2	32	948.0
ours	2	48	1161.8
ours	2	64	1251.0
ours	2	96	1686.1
ours	2	128	1736.9
ours	2	32	3109.9
ours	2	48	1192.8
ours	2	64	1234.1
ours	2	96	1686.1
ours	2	128	1739.0
ours	2	32	954.2
ours	2	48	1163.0
ours	2	64	1249.1
ours	2	96	1682.0
ours	2	128	1735.9
ours	2	32	947.0
ours	2	48	3234.1
ours	2	64	1255.0
ours	2	96	1678.9
ours	2	128	1737.1
ours	2	32	943.9
ours	2	48	1162.1
ours	2	64	1236.2
ours	2	96	1681.1
ours	2	128	1735.9
ours	2	32	951.1
ours	2	48	1158.0
ours	2	64	1234.1
ours	2	96	1677.0
ours	2	128	1748.1
ours	2	32	958.0
ours	2	48	3231.0
ours	2	64	1251.9
ours	2	96	1685.9
ours	2	128	1742.8
ours	2	32	945.8
ours	2	48	1163.0
ours	2	64	1239.1
ours	2	96	1678.9
ours	2	128	1735.9
ours	2	32	946.0
ours	2	48	1163.0
ours	2	64	1242.9
ours	2	96	1689.0
ours	2	128	1735.0
ours	2	32	953.0
ours	2	48	1157.0
ours	2	64	3243.9
ours	2	96	1698.0
ours	2	128	1741.2
ours	2	32	950.8
ours	2	48	1164.0
ours	2	64	1231.9
ours	2	96	1675.8
ours	2	128	1742.1
ours	2	32	949.1
ours	2	48	1166.1
ours	2	64	1235.0
ours	2	96	1678.0
ours	2	128	1740.0
ours	2	32	947.0
ours	2	48	1164.9
ours	2	64	1249.1
ours	2	96	3279.9
ours	2	128	1761.0
ours	2	32	1025.9
ours	2	48	1160.9
ours	2	64	1247.9
ours	2	96	1678.0
ours	2	128	1747.1
ours	2	32	951.1
ours	2	48	1166.1
ours	2	64	1236.2
ours	2	96	1678.9
ours	2	128	1833.9
ours	2	32	944.9
ours	2	48	1167.1
ours	2	64	1234.1
ours	2	96	1676.1
ours	2	128	3400.1
ours	2	32	974.9
ours	2	48	1160.9
ours	2	64	1248.1
ours	2	96	1704.9
ours	2	128	1747.8
ours	2	32	951.1
ours	2	48	1159.0
ours	2	64	1239.1
ours	2	96	1691.1
ours	2	128	1735.9
ours	2	32	955.1
ours	2	48	1156.1
ours	2	64	1235.0
ours	2	96	1675.8
ours	2	128	1740.9
torch-eager	2	32	2397.3
torch-eager	2	48	3156.9
torch-eager	2	64	2784.3
torch-eager	2	96	3018.6
torch-eager	2	128	3219.1
torch-eager	2	32	2479.6
torch-eager	2	48	2475.3
torch-eager	2	64	2449.0
torch-eager	2	96	2568.2
torch-eager	2	128	2599.7
torch-eager	2	32	2384.9
torch-eager	2	48	2424.0
torch-eager	2	64	2456.9
torch-eager	2	96	2541.5
torch-eager	2	128	2629.5
torch-eager	2	32	2414.7
torch-eager	2	48	2418.5
torch-eager	2	64	2422.8
torch-eager	2	96	2572.1
torch-eager	2	128	2603.5
torch-eager	2	32	2374.6
torch-eager	2	48	2425.4
torch-eager	2	64	2423.8
torch-eager	2	96	2557.8
torch-eager	2	128	2588.7
torch-eager	2	32	2370.6
torch-eager	2	48	2413.0
torch-eager	2	64	2422.3
torch-eager	2	96	2552.0
torch-eager	2	128	2574.7
torch-eager	2	32	2362.5
torch-eager	2	48	2404.2
torch-eager	2	64	2435.7
torch-eager	2	96	2539.2
torch-eager	2	128	2576.6
torch-eager	2	32	2378.0
torch-eager	2	48	2421.9
torch-eager	2	64	2427.1
torch-eager	2	96	2522.7
torch-eager	2	128	2575.2
torch-eager	2	32	2360.1
torch-eager	2	48	2408.5
torch-eager	2	64	2439.5
torch-eager	2	96	2533.0
torch-eager	2	128	2632.4
torch-eager	2	32	2381.1
torch-eager	2	48	2417.6
torch-eager	2	64	2437.1
torch-eager	2	96	2522.2
torch-eager	2	128	2580.9
torch-eager	2	32	2360.8
torch-eager	2	48	2406.6
torch-eager	2	64	2426.1
torch-eager	2	96	2521.8
torch-eager	2	128	2562.8
torch-eager	2	32	2379.2
torch-eager	2	48	2413.7
torch-eager	2	64	2408.7
torch-eager	2	96	2534.9
torch-eager	2	128	2589.0
torch-eager	2	32	2370.6
torch-eager	2	48	2425.4
torch-eager	2	64	2424.2
torch-eager	2	96	2543.0
torch-eager	2	128	2638.6
torch-eager	2	32	2373.5
torch-eager	2	48	2432.1
torch-eager	2	64	2425.2
torch-eager	2	96	2544.4
torch-eager	2	128	2570.2
torch-eager	2	32	2361.8
torch-eager	2	48	2411.1
torch-eager	2	64	2429.0
torch-eager	2	96	2542.5
torch-eager	2	128	2584.7
torch-eager	2	32	2374.9
torch-eager	2	48	2413.0
torch-eager	2	64	2422.6
torch-eager	2	96	2520.1
torch-eager	2	128	2585.2
torch-eager	2	32	2368.5
torch-eager	2	48	2410.9
torch-eager	2	64	2438.8
torch-eager	2	96	2526.3
torch-eager	2	128	2569.7
torch-eager	2	32	2363.0
torch-eager	2	48	2415.9
torch-eager	2	64	2432.1
torch-eager	2	96	2510.3
torch-eager	2	128	2590.7
torch-eager	2	32	2387.5
torch-eager	2	48	2416.1
torch-eager	2	64	2428.3
torch-eager	2	96	2531.3
torch-eager	2	128	2584.5
torch-eager	2	32	2357.7
torch-eager	2	48	2403.0
torch-eager	2	64	2428.5
torch-eager	2	96	2522.7
torch-eager	2	128	2570.4
torch-eager	2	32	2379.9
torch-eager	2	48	2397.5
torch-eager	2	64	2425.0
torch-eager	2	96	2532.5
torch-eager	2	128	2566.1
torch-eager	2	32	2367.3
torch-eager	2	48	2410.9
torch-eager	2	64	2415.7
torch-eager	2	96	2535.1
torch-eager	2	128	2579.2
torch-eager	2	32	2375.1
torch-eager	2	48	2398.0
torch-eager	2	64	2440.5
torch-eager	2	96	2536.5
torch-eager	2	128	2607.3
torch-eager	2	32	2371.8
torch-eager	2	48	2414.0
torch-eager	2	64	2425.2
torch-eager	2	96	2543.7
torch-eager	2	128	2584.9
torch-eager	2	32	2361.8
torch-eager	2	48	2406.6
torch-eager	2	64	2443.3
torch-eager	2	96	2530.1
torch-eager	2	128	2586.4
torch-eager	2	32	2368.0
torch-eager	2	48	2425.7
torch-eager	2	64	2430.7
torch-eager	2	96	2535.8
torch-eager	2	128	2576.8
torch-eager	2	32	2394.7
torch-eager	2	48	2417.1
torch-eager	2	64	2443.3
torch-eager	2	96	2541.1
torch-eager	2	128	2579.7
torch-eager	2	32	2384.9
torch-eager	2	48	2413.3
torch-eager	2	64	2415.2
torch-eager	2	96	2534.6
torch-eager	2	128	2569.9
torch-eager	2	32	2371.8
torch-eager	2	48	2421.9
torch-eager	2	64	2428.3
torch-eager	2	96	2525.1
torch-eager	2	128	2593.3
torch-eager	2	32	2358.2
torch-eager	2	48	2439.0
torch-eager	2	64	2410.7
torch-eager	2	96	2522.9
torch-eager	2	128	2570.6
torch-eager	2	32	2379.9
torch-eager	2	48	2418.3
torch-eager	2	64	2440.7
torch-eager	2	96	2538.0
torch-eager	2	128	2561.3
torch-eager	2	32	2374.4
torch-eager	2	48	2404.0
torch-eager	2	64	2432.1
torch-eager	2	96	2526.5
torch-eager	2	128	2588.3
torch-eager	2	32	2354.4
torch-eager	2	48	2400.4
torch-eager	2	64	2425.2
torch-eager	2	96	2531.8
torch-eager	2	128	2581.8
torch-eager	2	32	2362.7
torch-eager	2	48	2403.5
torch-eager	2	64	2431.2
torch-eager	2	96	2526.0
torch-eager	2	128	2598.3
torch-eager	2	32	2360.1
torch-eager	2	48	2419.0
torch-eager	2	64	2434.3
torch-eager	2	96	2523.2
torch-eager	2	128	2573.7
torch-eager	2	32	2353.4
torch-eager	2	48	2399.2
torch-eager	2	64	2421.4
torch-eager	2	96	2549.4
torch-eager	2	128	2607.6
torch-eager	2	32	2366.1
torch-eager	2	48	2424.7
torch-eager	2	64	2443.1
torch-eager	2	96	2533.0
torch-eager	2	128	2684.6
torch-eager	2	32	2377.5
torch-eager	2	48	2426.1
torch-eager	2	64	2430.0
torch-eager	2	96	2526.3
torch-eager	2	128	2566.6
torch-eager	2	32	2372.3
torch-eager	2	48	2412.1
torch-eager	2	64	2436.2
torch-eager	2	96	2537.5
torch-eager	2	128	2579.7
torch-eager	2	32	2367.7
torch-eager	2	48	2409.9
torch-eager	2	64	2431.2
torch-eager	2	96	2526.0
torch-eager	2	128	2558.7
torch-compile-static	2	32	1269.3
torch-compile-static	2	48	371901.5
torch-compile-static	2	64	366596.2
torch-compile-static	2	96	368967.5
torch-compile-static	2	128	369816.8
torch-compile-static	2	32	1550.0
torch-compile-static	2	48	1606.2
torch-compile-static	2	64	1643.9
torch-compile-static	2	96	1827.7
torch-compile-static	2	128	1898.8
torch-compile-static	2	32	1292.5
torch-compile-static	2	48	1522.5
torch-compile-static	2	64	1578.8
torch-compile-static	2	96	1786.7
torch-compile-static	2	128	1869.0
torch-compile-static	2	32	1280.1
torch-compile-static	2	48	1504.9
torch-compile-static	2	64	1556.6
torch-compile-static	2	96	1765.3
torch-compile-static	2	128	1857.8
torch-compile-static	2	32	1293.4
torch-compile-static	2	48	1495.6
torch-compile-static	2	64	1553.3
torch-compile-static	2	96	1778.6
torch-compile-static	2	128	1868.0
torch-compile-static	2	32	1267.0
torch-compile-static	2	48	1475.8
torch-compile-static	2	64	1546.1
torch-compile-static	2	96	1760.5
torch-compile-static	2	128	1861.3
torch-compile-static	2	32	1261.2
torch-compile-static	2	48	1469.9
torch-compile-static	2	64	1540.4
torch-compile-static	2	96	1763.8
torch-compile-static	2	128	1852.8
torch-compile-static	2	32	1252.2
torch-compile-static	2	48	1483.2
torch-compile-static	2	64	1540.7
torch-compile-static	2	96	1754.0
torch-compile-static	2	128	1840.6
torch-compile-static	2	32	1276.5
torch-compile-static	2	48	1485.1
torch-compile-static	2	64	1546.6
torch-compile-static	2	96	1779.8
torch-compile-static	2	128	1849.2
torch-compile-static	2	32	1255.3
torch-compile-static	2	48	1475.6
torch-compile-static	2	64	1545.9
torch-compile-static	2	96	1759.5
torch-compile-static	2	128	1839.4
torch-compile-static	2	32	1269.3
torch-compile-static	2	48	1466.5
torch-compile-static	2	64	1545.0
torch-compile-static	2	96	1759.8
torch-compile-static	2	128	1838.9
torch-compile-static	2	32	1265.0
torch-compile-static	2	48	1472.2
torch-compile-static	2	64	1551.9
torch-compile-static	2	96	1754.5
torch-compile-static	2	128	1850.1
torch-compile-static	2	32	1264.6
torch-compile-static	2	48	1463.4
torch-compile-static	2	64	1550.9
torch-compile-static	2	96	1750.0
torch-compile-static	2	128	1852.3
torch-compile-static	2	32	1250.5
torch-compile-static	2	48	1462.2
torch-compile-static	2	64	1549.7
torch-compile-static	2	96	1761.9
torch-compile-static	2	128	1846.3
torch-compile-static	2	32	1254.6
torch-compile-static	2	48	1472.0
torch-compile-static	2	64	1557.6
torch-compile-static	2	96	1751.2
torch-compile-static	2	128	1864.0
torch-compile-static	2	32	1267.7
torch-compile-static	2	48	1462.2
torch-compile-static	2	64	1533.7
torch-compile-static	2	96	1771.5
torch-compile-static	2	128	1868.7
torch-compile-static	2	32	1268.1
torch-compile-static	2	48	1484.6
torch-compile-static	2	64	1547.1
torch-compile-static	2	96	1757.9
torch-compile-static	2	128	1846.6
torch-compile-static	2	32	1259.3
torch-compile-static	2	48	1480.3
torch-compile-static	2	64	1555.9
torch-compile-static	2	96	1755.2
torch-compile-static	2	128	1851.8
torch-compile-static	2	32	1269.3
torch-compile-static	2	48	1474.9
torch-compile-static	2	64	1541.1
torch-compile-static	2	96	1767.2
torch-compile-static	2	128	1869.0
torch-compile-static	2	32	1261.9
torch-compile-static	2	48	1470.3
torch-compile-static	2	64	1536.6
torch-compile-static	2	96	1760.0
torch-compile-static	2	128	1863.2
torch-compile-static	2	32	1261.0
torch-compile-static	2	48	1469.6
torch-compile-static	2	64	1553.1
torch-compile-static	2	96	1772.9
torch-compile-static	2	128	1845.4
torch-compile-static	2	32	1274.6
torch-compile-static	2	48	1486.1
torch-compile-static	2	64	1542.1
torch-compile-static	2	96	1765.7
torch-compile-static	2	128	1842.0
torch-compile-static	2	32	1262.2
torch-compile-static	2	48	1477.2
torch-compile-static	2	64	1543.3
torch-compile-static	2	96	1765.7
torch-compile-static	2	128	1844.2
torch-compile-static	2	32	1278.2
torch-compile-static	2	48	1472.9
torch-compile-static	2	64	1537.6
torch-compile-static	2	96	1754.3
torch-compile-static	2	128	1862.0
torch-compile-static	2	32	1267.4
torch-compile-static	2	48	1467.7
torch-compile-static	2	64	1549.2
torch-compile-static	2	96	1760.2
torch-compile-static	2	128	1846.6
torch-compile-static	2	32	1259.8
torch-compile-static	2	48	1462.5
torch-compile-static	2	64	1564.5
torch-compile-static	2	96	1759.8
torch-compile-static	2	128	1845.8
torch-compile-static	2	32	1249.1
torch-compile-static	2	48	1481.1
torch-compile-static	2	64	1565.9
torch-compile-static	2	96	1761.9
torch-compile-static	2	128	1843.7
torch-compile-static	2	32	1260.5
torch-compile-static	2	48	1480.3
torch-compile-static	2	64	1563.1
torch-compile-static	2	96	1762.6
torch-compile-static	2	128	1840.4
torch-compile-static	2	32	1262.7
torch-compile-static	2	48	1476.8
torch-compile-static	2	64	1540.2
torch-compile-static	2	96	1759.3
torch-compile-static	2	128	1863.7
torch-compile-static	2	32	1270.5
torch-compile-static	2	48	1467.9
torch-compile-static	2	64	1539.2
torch-compile-static	2	96	1752.4
torch-compile-static	2	128	1858.2
torch-compile-static	2	32	1266.5
torch-compile-static	2	48	1474.1
torch-compile-static	2	64	1536.1
torch-compile-static	2	96	1776.2
torch-compile-static	2	128	1864.9
torch-compile-static	2	32	1254.8
torch-compile-static	2	48	1474.1
torch-compile-static	2	64	1538.8
torch-compile-static	2	96	1776.0
torch-compile-static	2	128	1857.5
torch-compile-static	2	32	1256.5
torch-compile-static	2	48	1473.9
torch-compile-static	2	64	1547.6
torch-compile-static	2	96	1765.0
torch-compile-static	2	128	1848.9
torch-compile-static	2	32	1275.8
torch-compile-static	2	48	1481.1
torch-compile-static	2	64	1541.4
torch-compile-static	2	96	1764.8
torch-compile-static	2	128	1857.3
torch-compile-static	2	32	1265.8
torch-compile-static	2	48	1482.2
torch-compile-static	2	64	1547.1
torch-compile-static	2	96	1776.0
torch-compile-static	2	128	1840.6
torch-compile-static	2	32	1262.9
torch-compile-static	2	48	1463.7
torch-compile-static	2	64	1545.4
torch-compile-static	2	96	1767.4
torch-compile-static	2	128	1841.3
torch-compile-static	2	32	1258.6
torch-compile-static	2	48	1466.8
torch-compile-static	2	64	1549.7
torch-compile-static	2	96	1758.6
torch-compile-static	2	128	1846.1
torch-compile-static	2	32	1275.1
torch-compile-static	2	48	1470.6
torch-compile-static	2	64	1551.2
torch-compile-static	2	96	1750.9
torch-compile-static	2	128	1851.8
torch-compile-static	2	32	1251.5
torch-compile-static	2	48	1467.5
torch-compile-static	2	64	1557.6
torch-compile-static	2	96	1760.5
torch-compile-static	2	128	1848.5
torch-compile-static	2	32	1252.7
torch-compile-static	2	48	1460.8
torch-compile-static	2	64	1555.4
torch-compile-static	2	96	1757.9
torch-compile-static	2	128	1835.3
torch-compile-dynamic	2	32	1339.7
torch-compile-dynamic	2	48	2053.7
torch-compile-dynamic	2	64	1961.7
torch-compile-dynamic	2	96	2151.3
torch-compile-dynamic	2	128	2354.9
torch-compile-dynamic	2	32	1468.7
torch-compile-dynamic	2	48	1616.0
torch-compile-dynamic	2	64	1693.5
torch-compile-dynamic	2	96	1928.8
torch-compile-dynamic	2	128	1982.7
torch-compile-dynamic	2	32	1377.1
torch-compile-dynamic	2	48	1590.7
torch-compile-dynamic	2	64	1649.6
torch-compile-dynamic	2	96	1897.6
torch-compile-dynamic	2	128	1987.2
torch-compile-dynamic	2	32	1356.8
torch-compile-dynamic	2	48	1568.6
torch-compile-dynamic	2	64	1671.6
torch-compile-dynamic	2	96	1868.0
torch-compile-dynamic	2	128	1956.2
torch-compile-dynamic	2	32	1426.0
torch-compile-dynamic	2	48	1625.3
torch-compile-dynamic	2	64	1663.4
torch-compile-dynamic	2	96	1887.3
torch-compile-dynamic	2	128	1965.0
torch-compile-dynamic	2	32	1360.2
torch-compile-dynamic	2	48	1573.8
torch-compile-dynamic	2	64	1653.2
torch-compile-dynamic	2	96	1854.2
torch-compile-dynamic	2	128	1966.7
torch-compile-dynamic	2	32	1344.2
torch-compile-dynamic	2	48	1576.2
torch-compile-dynamic	2	64	1634.4
torch-compile-dynamic	2	96	1869.0
torch-compile-dynamic	2	128	1963.6
torch-compile-dynamic	2	32	1332.3
torch-compile-dynamic	2	48	1568.8
torch-compile-dynamic	2	64	1638.9
torch-compile-dynamic	2	96	1849.4
torch-compile-dynamic	2	128	1948.1
torch-compile-dynamic	2	32	1354.7
torch-compile-dynamic	2	48	1572.6
torch-compile-dynamic	2	64	1642.7
torch-compile-dynamic	2	96	1854.9
torch-compile-dynamic	2	128	1946.4
torch-compile-dynamic	2	32	1354.2
torch-compile-dynamic	2	48	1586.7
torch-compile-dynamic	2	64	1642.9
torch-compile-dynamic	2	96	1863.5
torch-compile-dynamic	2	128	1963.4
torch-compile-dynamic	2	32	1339.9
torch-compile-dynamic	2	48	1563.5
torch-compile-dynamic	2	64	1673.7
torch-compile-dynamic	2	96	1868.0
torch-compile-dynamic	2	128	1948.8
torch-compile-dynamic	2	32	1343.5
torch-compile-dynamic	2	48	1596.2
torch-compile-dynamic	2	64	1654.1
torch-compile-dynamic	2	96	1868.0
torch-compile-dynamic	2	128	1970.1
torch-compile-dynamic	2	32	1358.0
torch-compile-dynamic	2	48	1577.1
torch-compile-dynamic	2	64	1647.7
torch-compile-dynamic	2	96	1852.0
torch-compile-dynamic	2	128	1967.4
torch-compile-dynamic	2	32	1353.3
torch-compile-dynamic	2	48	1566.9
torch-compile-dynamic	2	64	1646.0
torch-compile-dynamic	2	96	1872.1
torch-compile-dynamic	2	128	1982.7
torch-compile-dynamic	2	32	1351.4
torch-compile-dynamic	2	48	1580.0
torch-compile-dynamic	2	64	1653.7
torch-compile-dynamic	2	96	1863.5
torch-compile-dynamic	2	128	1964.8
torch-compile-dynamic	2	32	1340.6
torch-compile-dynamic	2	48	1574.8
torch-compile-dynamic	2	64	1647.7
torch-compile-dynamic	2	96	1866.8
torch-compile-dynamic	2	128	1947.6
torch-compile-dynamic	2	32	1346.8
torch-compile-dynamic	2	48	1590.3
torch-compile-dynamic	2	64	1640.1
torch-compile-dynamic	2	96	1848.7
torch-compile-dynamic	2	128	1962.2
torch-compile-dynamic	2	32	1358.0
torch-compile-dynamic	2	48	1571.7
torch-compile-dynamic	2	64	1654.9
torch-compile-dynamic	2	96	1857.0
torch-compile-dynamic	2	128	1968.4
torch-compile-dynamic	2	32	1347.1
torch-compile-dynamic	2	48	1577.6
torch-compile-dynamic	2	64	1658.7
torch-compile-dynamic	2	96	1872.8
torch-compile-dynamic	2	128	1969.3
torch-compile-dynamic	2	32	1346.6
torch-compile-dynamic	2	48	1578.3
torch-compile-dynamic	2	64	1666.1
torch-compile-dynamic	2	96	1859.7
torch-compile-dynamic	2	128	1945.3
torch-compile-dynamic	2	32	1357.6
torch-compile-dynamic	2	48	1572.8
torch-compile-dynamic	2	64	1639.1
torch-compile-dynamic	2	96	1877.8
torch-compile-dynamic	2	128	1962.9
torch-compile-dynamic	2	32	1331.1
torch-compile-dynamic	2	48	1573.1
torch-compile-dynamic	2	64	1630.3
torch-compile-dynamic	2	96	1866.1
torch-compile-dynamic	2	128	1959.1
torch-compile-dynamic	2	32	1323.2
torch-compile-dynamic	2	48	1560.0
torch-compile-dynamic	2	64	1657.5
torch-compile-dynamic	2	96	1863.5
torch-compile-dynamic	2	128	1945.7
torch-compile-dynamic	2	32	1344.4
torch-compile-dynamic	2	48	1590.0
torch-compile-dynamic	2	64	1658.0
torch-compile-dynamic	2	96	1852.8
torch-compile-dynamic	2	128	1972.2
torch-compile-dynamic	2	32	1340.6
torch-compile-dynamic	2	48	1565.5
torch-compile-dynamic	2	64	1665.8
torch-compile-dynamic	2	96	1856.6
torch-compile-dynamic	2	128	1951.2
torch-compile-dynamic	2	32	1332.8
torch-compile-dynamic	2	48	1553.3
torch-compile-dynamic	2	64	1657.5
torch-compile-dynamic	2	96	1873.7
torch-compile-dynamic	2	128	1961.2
torch-compile-dynamic	2	32	1354.0
torch-compile-dynamic	2	48	1564.5
torch-compile-dynamic	2	64	1639.4
torch-compile-dynamic	2	96	1845.4
torch-compile-dynamic	2	128	1942.2
torch-compile-dynamic	2	32	1338.5
torch-compile-dynamic	2	48	1566.9
torch-compile-dynamic	2	64	1641.3
torch-compile-dynamic	2	96	1879.2
torch-compile-dynamic	2	128	1958.8
torch-compile-dynamic	2	32	1339.2
torch-compile-dynamic	2	48	1576.9
torch-compile-dynamic	2	64	1635.1
torch-compile-dynamic	2	96	1861.1
torch-compile-dynamic	2	128	1961.9
torch-compile-dynamic	2	32	1333.7
torch-compile-dynamic	2	48	1555.7
torch-compile-dynamic	2	64	1661.3
torch-compile-dynamic	2	96	1853.5
torch-compile-dynamic	2	128	1941.9
torch-compile-dynamic	2	32	1347.8
torch-compile-dynamic	2	48	1569.0
torch-compile-dynamic	2	64	1643.9
torch-compile-dynamic	2	96	1861.3
torch-compile-dynamic	2	128	1978.4
torch-compile-dynamic	2	32	1341.8
torch-compile-dynamic	2	48	1568.8
torch-compile-dynamic	2	64	1651.5
torch-compile-dynamic	2	96	1856.6
torch-compile-dynamic	2	128	1947.2
torch-compile-dynamic	2	32	1320.4
torch-compile-dynamic	2	48	1574.3
torch-compile-dynamic	2	64	1660.6
torch-compile-dynamic	2	96	1860.6
torch-compile-dynamic	2	128	1966.7
torch-compile-dynamic	2	32	1340.9
torch-compile-dynamic	2	48	1572.1
torch-compile-dynamic	2	64	1631.3
torch-compile-dynamic	2	96	1866.3
torch-compile-dynamic	2	128	1958.1
torch-compile-dynamic	2	32	1326.6
torch-compile-dynamic	2	48	1567.8
torch-compile-dynamic	2	64	1660.1
torch-compile-dynamic	2	96	1863.0
torch-compile-dynamic	2	128	1940.0
torch-compile-dynamic	2	32	1335.1
torch-compile-dynamic	2	48	1571.9
torch-compile-dynamic	2	64	1648.2
torch-compile-dynamic	2	96	1858.2
torch-compile-dynamic	2	128	1973.6
torch-compile-dynamic	2	32	1344.2
torch-compile-dynamic	2	48	1571.2
torch-compile-dynamic	2	64	1632.9
torch-compile-dynamic	2	96	1864.0
torch-compile-dynamic	2	128	1957.2
torch-compile-dynamic	2	32	1320.4
torch-compile-dynamic	2	48	1568.3
torch-compile-dynamic	2	64	1649.6
torch-compile-dynamic	2	96	1847.5
torch-compile-dynamic	2	128	1936.4
torch-compile-dynamic	2	32	1324.9
torch-compile-dynamic	2	48	1581.9
torch-compile-dynamic	2	64	1640.3
torch-compile-dynamic	2	96	1861.1
torch-compile-dynamic	2	128	1953.1
torch-compile-dynamic	2	32	1354.0
torch-compile-dynamic	2	48	1571.9
torch-compile-dynamic	2	64	1654.4
torch-compile-dynamic	2	96	1855.1
torch-compile-dynamic	2	128	1967.2
ours	3	32	2969.0
ours	3	48	46380.0
ours	3	64	44332.0
ours	3	96	10182.1
ours	3	128	18241.9
ours	3	32	4158.0
ours	3	48	1413.1
ours	3	64	1241.0
ours	3	96	3315.0
ours	3	128	1788.9
ours	3	32	955.8
ours	3	48	3119.0
ours	3	64	1250.0
ours	3	96	1689.9
ours	3	128	1785.0
ours	3	32	951.1
ours	3	48	3191.0
ours	3	64	1257.2
ours	3	96	1674.9
ours	3	128	1744.0
ours	3	32	945.1
ours	3	48	1163.0
ours	3	64	3197.9
ours	3	96	1702.8
ours	3	128	1760.0
ours	3	32	955.1
ours	3	48	1173.0
ours	3	64	1228.8
ours	3	96	1682.0
ours	3	128	3319.0
ours	3	32	980.9
ours	3	48	1166.1
ours	3	64	1241.0
ours	3	96	1679.9
ours	3	128	1732.1
ours	3	32	3051.0
ours	3	48	1175.2
ours	3	64	1239.1
ours	3	96	1682.0
ours	3	128	1746.2
ours	3	32	948.9
ours	3	48	1169.0
ours	3	64	1299.9
ours	3	96	3153.1
ours	3	128	1766.0
ours	3	32	942.9
ours	3	48	1156.8
ours	3	64	1231.9
ours	3	96	1711.8
ours	3	128	1753.1
ours	3	32	959.9
ours	3	48	1161.1
ours	3	64	3073.9
ours	3	96	1680.9
ours	3	128	1754.0
ours	3	32	953.0
ours	3	48	1164.0
ours	3	64	3334.0
ours	3	96	1700.9
ours	3	128	1743.1
ours	3	32	948.0
ours	3	48	1161.8
ours	3	64	1241.9
ours	3	96	1678.9
ours	3	128	1743.8
ours	3	32	947.0
ours	3	48	1162.1
ours	3	64	3226.0
ours	3	96	1690.1
ours	3	128	1746.9
ours	3	32	958.0
ours	3	48	1164.0
ours	3	64	1230.0
ours	3	96	1678.9
ours	3	128	1741.9
ours	3	32	946.0
ours	3	48	1160.9
ours	3	64	3114.9
ours	3	96	1708.0
ours	3	128	1761.0
ours	3	32	955.8
ours	3	48	1159.0
ours	3	64	1231.9
ours	3	96	1674.2
ours	3	128	1756.9
ours	3	32	946.0
ours	3	48	1164.9
ours	3	64	1236.0
ours	3	96	3257.0
ours	3	128	1765.0
ours	3	32	953.9
ours	3	48	1159.0
ours	3	64	1240.0
ours	3	96	1680.9
ours	3	128	1740.0
ours	3	32	949.9
ours	3	48	1166.1
ours	3	64	1230.0
ours	3	96	1684.0
ours	3	128	3318.1
ours	3	32	967.0
ours	3	48	1159.0
ours	3	64	1233.1
ours	3	96	1694.0
ours	3	128	1766.0
ours	3	32	953.0
ours	3	48	1166.1
ours	3	64	1233.1
ours	3	96	1674.9
ours	3	128	1743.1
ours	3	32	3102.1
ours	3	48	1189.9
ours	3	64	1244.1
ours	3	96	1679.9
ours	3	128	1740.0
ours	3	32	950.8
ours	3	48	1159.0
ours	3	64	1238.1
ours	3	96	1678.0
ours	3	128	1746.9
ours	3	32	949.9
ours	3	48	3208.2
ours	3	64	1255.0
ours	3	96	1678.0
ours	3	128	1750.9
ours	3	32	952.0
ours	3	48	1162.1
ours	3	64	1230.0
ours	3	96	1685.1
ours	3	128	1756.2
ours	3	32	957.0
ours	3	48	1164.2
ours	3	64	1231.0
ours	3	96	1681.8
ours	3	128	1738.1
ours	3	32	953.9
ours	3	48	3172.9
ours	3	64	1248.1
ours	3	96	1683.0
ours	3	128	1745.0
ours	3	32	952.0
ours	3	48	1161.1
ours	3	64	1231.0
ours	3	96	1684.9
ours	3	128	1766.0
ours	3	32	962.0
ours	3	48	1162.1
ours	3	64	1240.0
ours	3	96	1677.0
ours	3	128	1737.1
ours	3	32	944.1
ours	3	48	1162.1
ours	3	64	3266.1
ours	3	96	1695.9
ours	3	128	1740.9
ours	3	32	952.0
ours	3	48	1162.1
ours	3	64	1238.8
ours	3	96	1689.0
ours	3	128	1771.0
ours	3	32	947.0
ours	3	48	1164.9
ours	3	64	1233.1
ours	3	96	1685.9
ours	3	128	1747.1
ours	3	32	949.9
ours	3	48	1160.9
ours	3	64	1235.0
ours	3	96	3286.1
ours	3	128	1772.2
ours	3	32	1014.9
ours	3	48	1164.0
ours	3	64	1237.9
ours	3	96	1683.0
ours	3	128	1738.8
ours	3	32	947.0
ours	3	48	1162.1
ours	3	64	1232.1
ours	3	96	1688.0
ours	3	128	1838.0
ours	3	32	951.1
ours	3	48	1160.9
ours	3	64	1246.9
ours	3	96	1678.0
ours	3	128	3393.2
ours	3	32	975.1
ours	3	48	1168.0
ours	3	64	1284.1
ours	3	96	1698.0
ours	3	128	1735.0
ours	3	32	946.0
ours	3	48	1159.2
ours	3	64	1233.8
ours	3	96	1674.9
ours	3	128	1741.9
ours	3	32	951.1
ours	3	48	1159.9
ours	3	64	1241.0
ours	3	96	1676.1
ours	3	128	1741.2
torch-eager	3	32	2335.8
torch-eager	3	48	3112.6
torch-eager	3	64	2778.1
torch-eager	3	96	2989.5
torch-eager	3	128	3181.2
torch-eager	3	32	2453.6
torch-eager	3	48	2428.1
torch-eager	3	64	2424.7
torch-eager	3	96	2540.6
torch-eager	3	128	2577.3
torch-eager	3	32	2353.9
torch-eager	3	48	2411.6
torch-eager	3	64	2459.3
torch-eager	3	96	2566.3
torch-eager	3	128	2664.3
torch-eager	3	32	2405.4
torch-eager	3	48	2399.4
torch-eager	3	64	2418.8
torch-eager	3	96	2501.5
torch-eager	3	128	2556.1
torch-eager	3	32	2342.0
torch-eager	3	48	2386.1
torch-eager	3	64	2397.8
torch-eager	3	96	2499.1
torch-eager	3	128	2595.4
torch-eager	3	32	2349.4
torch-eager	3	48	2390.6
torch-eager	3	64	2389.9
torch-eager	3	96	2502.2
torch-eager	3	128	2571.6
torch-eager	3	32	2347.5
torch-eager	3	48	2389.9
torch-eager	3	64	2400.9
torch-eager	3	96	2531.8
torch-eager	3	128	2596.1
torch-eager	3	32	2337.5
torch-eager	3	48	2395.9
torch-eager	3	64	2399.9
torch-eager	3	96	2534.4
torch-eager	3	128	2550.6
torch-eager	3	32	2412.8
torch-eager	3	48	2411.6
torch-eager	3	64	2405.9
torch-eager	3	96	2537.3
torch-eager	3	128	2560.6
torch-eager	3	32	2350.6
torch-eager	3	48	2390.9
torch-eager	3	64	2415.7
torch-eager	3	96	2527.0
torch-eager	3	128	2573.5
torch-eager	3	32	2343.2
torch-eager	3	48	2406.1
torch-eager	3	64	2412.1
torch-eager	3	96	2528.0
torch-eager	3	128	2568.7
torch-eager	3	32	2361.1
torch-eager	3	48	2387.8
torch-eager	3	64	2404.5
torch-eager	3	96	2519.8
torch-eager	3	128	2552.0
torch-eager	3	32	2353.7
torch-eager	3	48	2378.5
torch-eager	3	64	2404.9
torch-eager	3	96	2530.1
torch-eager	3	128	2577.5
torch-eager	3	32	2358.7
torch-eager	3	48	2385.6
torch-eager	3	64	2391.1
torch-eager	3	96	2538.0
torch-eager	3	128	2558.9
torch-eager	3	32	2341.5
torch-eager	3	48	2382.8
torch-eager	3	64	2404.9
torch-eager	3	96	2498.4
torch-eager	3	128	2602.8
torch-eager	3	32	2352.7
torch-eager	3	48	2407.1
torch-eager	3	64	2413.7
torch-eager	3	96	2512.9
torch-eager	3	128	2564.0
torch-eager	3	32	2342.0
torch-eager	3	48	2389.0
torch-eager	3	64	2413.5
torch-eager	3	96	2502.4
torch-eager	3	128	2557.5
torch-eager	3	32	2351.5
torch-eager	3	48	2389.2
torch-eager	3	64	2395.4
torch-eager	3	96	2518.4
torch-eager	3	128	2551.6
torch-eager	3	32	2358.9
torch-eager	3	48	2386.1
torch-eager	3	64	2457.4
torch-eager	3	96	2535.3
torch-eager	3	128	2565.1
torch-eager	3	32	2339.1
torch-eager	3	48	2388.5
torch-eager	3	64	2402.5
torch-eager	3	96	2510.1
torch-eager	3	128	2561.6
torch-eager	3	32	2352.2
torch-eager	3	48	2383.7
torch-eager	3	64	2403.5
torch-eager	3	96	2491.2
torch-eager	3	128	2571.1
torch-eager	3	32	2327.2
torch-eager	3	48	2396.3
torch-eager	3	64	2414.5
torch-eager	3	96	2500.3
torch-eager	3	128	2545.8
torch-eager	3	32	2338.2
torch-eager	3	48	2372.3
torch-eager	3	64	2396.6
torch-eager	3	96	2508.9
torch-eager	3	128	2542.5
torch-eager	3	32	2352.2
torch-eager	3	48	2381.1
torch-eager	3	64	2401.8
torch-eager	3	96	2505.5
torch-eager	3	128	2558.0
torch-eager	3	32	2338.6
torch-eager	3	48	2403.3
torch-eager	3	64	2394.7
torch-eager	3	96	2507.0
torch-eager	3	128	2558.5
torch-eager	3	32	2335.8
torch-eager	3	48	2397.5
torch-eager	3	64	2387.3
torch-eager	3	96	2521.0
torch-eager	3	128	2566.8
torch-eager	3	32	2333.4
torch-eager	3	48	2380.8
torch-eager	3	64	2388.5
torch-eager	3	96	2518.9
torch-eager	3	128	2567.1
torch-eager	3	32	2335.5
torch-eager	3	48	2380.6
torch-eager	3	64	2398.7
torch-eager	3	96	2515.3
torch-eager	3	128	2576.4
torch-eager	3	32	2349.4
torch-eager	3	48	2403.5
torch-eager	3	64	2400.4
torch-eager	3	96	2502.7
torch-eager	3	128	2556.8
torch-eager	3	32	2394.0
torch-eager	3	48	2399.7
torch-eager	3	64	2398.5
torch-eager	3	96	2510.1
torch-eager	3	128	2559.4
torch-eager	3	32	2350.1
torch-eager	3	48	2409.2
torch-eager	3	64	2408.5
torch-eager	3	96	2503.4
torch-eager	3	128	2569.2
torch-eager	3	32	2342.2
torch-eager	3	48	2390.4
torch-eager	3	64	2405.4
torch-eager	3	96	2511.3
torch-eager	3	128	2575.6
torch-eager	3	32	2332.4
torch-eager	3	48	2406.8
torch-eager	3	64	2393.5
torch-eager	3	96	2501.7
torch-eager	3	128	2560.4
torch-eager	3	32	2359.6
torch-eager	3	48	2392.1
torch-eager	3	64	2421.4
torch-eager	3	96	2511.3
torch-eager	3	128	2558.0
torch-eager	3	32	2345.8
torch-eager	3	48	2402.3
torch-eager	3	64	2415.4
torch-eager	3	96	2507.0
torch-eager	3	128	2606.6
torch-eager	3	32	2344.1
torch-eager	3	48	2387.3
torch-eager	3	64	2412.3
torch-eager	3	96	2507.7
torch-eager	3	128	2557.3
torch-eager	3	32	2350.1
torch-eager	3	48	2388.7
torch-eager	3	64	2409.2
torch-eager	3	96	2508.4
torch-eager	3	128	2553.7
torch-eager	3	32	2348.2
torch-eager	3	48	2387.0
torch-eager	3	64	2409.2
torch-eager	3	96	2487.9
torch-eager	3	128	2605.2
torch-eager	3	32	2340.1
torch-eager	3	48	2384.2
torch-eager	3	64	2402.1
torch-eager	3	96	2511.3
torch-eager	3	128	2578.3
torch-eager	3	32	2353.0
torch-eager	3	48	2390.9
torch-eager	3	64	2396.3
torch-eager	3	96	2509.1
torch-eager	3	128	2571.3
torch-compile-static	3	32	1238.1
torch-compile-static	3	48	370305.5
torch-compile-static	3	64	363989.8
torch-compile-static	3	96	367248.1
torch-compile-static	3	128	368096.1
torch-compile-static	3	32	1559.7
torch-compile-static	3	48	1586.0
torch-compile-static	3	64	1644.8
torch-compile-static	3	96	1848.0
torch-compile-static	3	128	1904.7
torch-compile-static	3	32	1276.7
torch-compile-static	3	48	1496.8
torch-compile-static	3	64	1606.9
torch-compile-static	3	96	1785.8
torch-compile-static	3	128	1867.5
torch-compile-static	3	32	1276.3
torch-compile-static	3	48	1484.6
torch-compile-static	3	64	1565.0
torch-compile-static	3	96	1764.3
torch-compile-static	3	128	1847.7
torch-compile-static	3	32	1269.3
torch-compile-static	3	48	1486.1
torch-compile-static	3	64	1564.0
torch-compile-static	3	96	1758.3
torch-compile-static	3	128	1844.9
torch-compile-static	3	32	1276.3
torch-compile-static	3	48	1466.8
torch-compile-static	3	64	1556.2
torch-compile-static	3	96	1766.0
torch-compile-static	3	128	1866.8
torch-compile-static	3	32	1268.1
torch-compile-static	3	48	1470.6
torch-compile-static	3	64	1555.0
torch-compile-static	3	96	1770.3
torch-compile-static	3	128	1847.0
torch-compile-static	3	32	1256.2
torch-compile-static	3	48	1458.4
torch-compile-static	3	64	1539.2
torch-compile-static	3	96	1766.7
torch-compile-static	3	128	1858.0
torch-compile-static	3	32	1262.4
torch-compile-static	3	48	1459.4
torch-compile-static	3	64	1539.5
torch-compile-static	3	96	1761.4
torch-compile-static	3	128	1859.9
torch-compile-static	3	32	1252.4
torch-compile-static	3	48	1470.6
torch-compile-static	3	64	1550.0
torch-compile-static	3	96	1766.7
torch-compile-static	3	128	1849.4
torch-compile-static	3	32	1257.2
torch-compile-static	3	48	1478.9
torch-compile-static	3	64	1548.8
torch-compile-static	3	96	1763.3
torch-compile-static	3	128	1863.7
torch-compile-static	3	32	1256.7
torch-compile-static	3	48	1478.2
torch-compile-static	3	64	1540.9
torch-compile-static	3	96	1774.1
torch-compile-static	3	128	1843.0
torch-compile-static	3	32	1259.6
torch-compile-static	3	48	1471.0
torch-compile-static	3	64	1538.3
torch-compile-static	3	96	1772.4
torch-compile-static	3	128	1846.6
torch-compile-static	3	32	1255.5
torch-compile-static	3	48	1454.6
torch-compile-static	3	64	1543.0
torch-compile-static	3	96	1758.6
torch-compile-static	3	128	1834.2
torch-compile-static	3	32	1254.3
torch-compile-static	3	48	1456.3
torch-compile-static	3	64	1552.1
torch-compile-static	3	96	1754.8
torch-compile-static	3	128	1837.7
torch-compile-static	3	32	1260.5
torch-compile-static	3	48	1464.6
torch-compile-static	3	64	1555.0
torch-compile-static	3	96	1747.8
torch-compile-static	3	128	1846.6
torch-compile-static	3	32	1258.6
torch-compile-static	3	48	1459.4
torch-compile-static	3	64	1546.6
torch-compile-static	3	96	1757.1
torch-compile-static	3	128	1838.9
torch-compile-static	3	32	1258.9
torch-compile-static	3	48	1457.7
torch-compile-static	3	64	1525.9
torch-compile-static	3	96	1756.2
torch-compile-static	3	128	1863.0
torch-compile-static	3	32	1250.7
torch-compile-static	3	48	1452.9
torch-compile-static	3	64	1536.4
torch-compile-static	3	96	1759.1
torch-compile-static	3	128	1857.5
torch-compile-static	3	32	1247.6
torch-compile-static	3	48	1484.4
torch-compile-static	3	64	1538.3
torch-compile-static	3	96	1756.7
torch-compile-static	3	128	1847.7
torch-compile-static	3	32	1259.8
torch-compile-static	3	48	1487.3
torch-compile-static	3	64	1545.2
torch-compile-static	3	96	1766.0
torch-compile-static	3	128	1849.9
torch-compile-static	3	32	1272.0
torch-compile-static	3	48	1476.5
torch-compile-static	3	64	1536.4
torch-compile-static	3	96	1755.7
torch-compile-static	3	128	1854.4
torch-compile-static	3	32	1261.7
torch-compile-static	3	48	1461.3
torch-compile-static	3	64	1538.8
torch-compile-static	3	96	1760.7
torch-compile-static	3	128	1843.2
torch-compile-static	3	32	1262.4
torch-compile-static	3	48	1457.7
torch-compile-static	3	64	1533.0
torch-compile-static	3	96	1747.4
torch-compile-static	3	128	1847.3
torch-compile-static	3	32	1255.3
torch-compile-static	3	48	1461.7
torch-compile-static	3	64	1542.1
torch-compile-static	3	96	1759.1
torch-compile-static	3	128	1839.9
torch-compile-static	3	32	1238.6
torch-compile-static	3	48	1457.9
torch-compile-static	3	64	1540.2
torch-compile-static	3	96	1750.2
torch-compile-static	3	128	1845.8
torch-compile-static	3	32	1260.0
torch-compile-static	3	48	1464.1
torch-compile-static	3	64	1548.5
torch-compile-static	3	96	1761.7
torch-compile-static	3	128	1855.1
torch-compile-static	3	32	1251.9
torch-compile-static	3	48	1471.3
torch-compile-static	3	64	1541.9
torch-compile-static	3	96	1749.3
torch-compile-static	3	128	1848.2
torch-compile-static	3	32	1256.9
torch-compile-static	3	48	1466.8
torch-compile-static	3	64	1535.2
torch-compile-static	3	96	1763.6
torch-compile-static	3	128	1846.3
torch-compile-static	3	32	1269.8
torch-compile-static	3	48	1474.1
torch-compile-static	3	64	1537.3
torch-compile-static	3	96	1754.3
torch-compile-static	3	128	1846.8
torch-compile-static	3	32	1265.0
torch-compile-static	3	48	1478.2
torch-compile-static	3	64	1534.0
torch-compile-static	3	96	1771.7
torch-compile-static	3	128	1835.3
torch-compile-static	3	32	1258.1
torch-compile-static	3	48	1458.4
torch-compile-static	3	64	1532.1
torch-compile-static	3	96	1764.8
torch-compile-static	3	128	1840.6
torch-compile-static	3	32	1248.6
torch-compile-static	3	48	1451.7
torch-compile-static	3	64	1564.3
torch-compile-static	3	96	1753.3
torch-compile-static	3	128	1843.9
torch-compile-static	3	32	1253.1
torch-compile-static	3	48	1455.1
torch-compile-static	3	64	1565.5
torch-compile-static	3	96	1761.2
torch-compile-static	3	128	1845.4
torch-compile-static	3	32	1242.6
torch-compile-static	3	48	1478.9
torch-compile-static	3	64	1553.1
torch-compile-static	3	96	1751.4
torch-compile-static	3	128	1851.6
torch-compile-static	3	32	1269.3
torch-compile-static	3	48	1468.2
torch-compile-static	3	64	1549.0
torch-compile-static	3	96	1772.2
torch-compile-static	3	128	1843.9
torch-compile-static	3	32	1255.3
torch-compile-static	3	48	1460.3
torch-compile-static	3	64	1541.1
torch-compile-static	3	96	1750.7
torch-compile-static	3	128	1841.5
torch-compile-static	3	32	1249.8
torch-compile-static	3	48	1467.0
torch-compile-static	3	64	1538.3
torch-compile-static	3	96	1772.6
torch-compile-static	3	128	1845.6
torch-compile-static	3	32	1246.7
torch-compile-static	3	48	1469.1
torch-compile-static	3	64	1549.5
torch-compile-static	3	96	1762.6
torch-compile-static	3	128	1848.9
torch-compile-static	3	32	1270.8
torch-compile-static	3	48	1475.3
torch-compile-static	3	64	1541.1
torch-compile-static	3	96	1762.6
torch-compile-static	3	128	1834.9
torch-compile-dynamic	3	32	1380.7
torch-compile-dynamic	3	48	2046.6
torch-compile-dynamic	3	64	1980.5
torch-compile-dynamic	3	96	2171.5
torch-compile-dynamic	3	128	2343.7
torch-compile-dynamic	3	32	1490.8
torch-compile-dynamic	3	48	1621.0
torch-compile-dynamic	3	64	1678.0
torch-compile-dynamic	3	96	1903.3
torch-compile-dynamic	3	128	1988.2
torch-compile-dynamic	3	32	1391.9
torch-compile-dynamic	3	48	1585.7
torch-compile-dynamic	3	64	1664.2
torch-compile-dynamic	3	96	1863.2
torch-compile-dynamic	3	128	1979.4
torch-compile-dynamic	3	32	1365.9
torch-compile-dynamic	3	48	1577.1
torch-compile-dynamic	3	64	1638.4
torch-compile-dynamic	3	96	1869.9
torch-compile-dynamic	3	128	1976.7
torch-compile-dynamic	3	32	1348.3
torch-compile-dynamic	3	48	1571.4
torch-compile-dynamic	3	64	1674.7
torch-compile-dynamic	3	96	1867.1
torch-compile-dynamic	3	128	1955.3
torch-compile-dynamic	3	32	1344.9
torch-compile-dynamic	3	48	1578.8
torch-compile-dynamic	3	64	1646.8
torch-compile-dynamic	3	96	1881.6
torch-compile-dynamic	3	128	1963.9
torch-compile-dynamic	3	32	1350.6
torch-compile-dynamic	3	48	1579.8
torch-compile-dynamic	3	64	1645.3
torch-compile-dynamic	3	96	1866.6
torch-compile-dynamic	3	128	1959.6
torch-compile-dynamic	3	32	1332.0
torch-compile-dynamic	3	48	1558.1
torch-compile-dynamic	3	64	1658.4
torch-compile-dynamic	3	96	1870.6
torch-compile-dynamic	3	128	1955.5
torch-compile-dynamic	3	32	1340.6
torch-compile-dynamic	3	48	1586.2
torch-compile-dynamic	3	64	1643.7
torch-compile-dynamic	3	96	1850.8
torch-compile-dynamic	3	128	1976.7
torch-compile-dynamic	3	32	1357.1
torch-compile-dynamic	3	48	1566.2
torch-compile-dynamic	3	64	1642.5
torch-compile-dynamic	3	96	1868.7
torch-compile-dynamic	3	128	1956.9
torch-compile-dynamic	3	32	1354.2
torch-compile-dynamic	3	48	1580.0
torch-compile-dynamic	3	64	1665.6
torch-compile-dynamic	3	96	1889.0
torch-compile-dynamic	3	128	1979.1
torch-compile-dynamic	3	32	1339.7
torch-compile-dynamic	3	48	1565.0
torch-compile-dynamic	3	64	1660.8
torch-compile-dynamic	3	96	1862.0
torch-compile-dynamic	3	128	1956.2
torch-compile-dynamic	3	32	1375.4
torch-compile-dynamic	3	48	1576.2
torch-compile-dynamic	3	64	1638.2
torch-compile-dynamic	3	96	1862.0
torch-compile-dynamic	3	128	1978.4
torch-compile-dynamic	3	32	1344.4
torch-compile-dynamic	3	48	1567.1
torch-compile-dynamic	3	64	1642.7
torch-compile-dynamic	3	96	1865.6
torch-compile-dynamic	3	128	1956.2
torch-compile-dynamic	3	32	1340.2
torch-compile-dynamic	3	48	1571.4
torch-compile-dynamic	3	64	1650.8
torch-compile-dynamic	3	96	1860.4
torch-compile-dynamic	3	128	1952.4
torch-compile-dynamic	3	32	1357.6
torch-compile-dynamic	3	48	1583.3
torch-compile-dynamic	3	64	1642.5
torch-compile-dynamic	3	96	1853.9
torch-compile-dynamic	3	128	1979.8
torch-compile-dynamic	3	32	1349.0
torch-compile-dynamic	3	48	1561.9
torch-compile-dynamic	3	64	1642.0
torch-compile-dynamic	3	96	1853.0
torch-compile-dynamic	3	128	1965.5
torch-compile-dynamic	3	32	1353.7
torch-compile-dynamic	3	48	1561.9
torch-compile-dynamic	3	64	1631.3
torch-compile-dynamic	3	96	1876.6
torch-compile-dynamic	3	128	1967.4
torch-compile-dynamic	3	32	1332.8
torch-compile-dynamic	3	48	1555.2
torch-compile-dynamic	3	64	1640.8
torch-compile-dynamic	3	96	1850.8
torch-compile-dynamic	3	128	1960.8
torch-compile-dynamic	3	32	1335.9
torch-compile-dynamic	3	48	1558.8
torch-compile-dynamic	3	64	1640.1
torch-compile-dynamic	3	96	1867.5
torch-compile-dynamic	3	128	1966.2
torch-compile-dynamic	3	32	1344.7
torch-compile-dynamic	3	48	1561.4
torch-compile-dynamic	3	64	1633.2
torch-compile-dynamic	3	96	1860.1
torch-compile-dynamic	3	128	1963.1
torch-compile-dynamic	3	32	1340.9
torch-compile-dynamic	3	48	1581.7
torch-compile-dynamic	3	64	1657.7
torch-compile-dynamic	3	96	1848.9
torch-compile-dynamic	3	128	1947.9
torch-compile-dynamic	3	32	1349.0
torch-compile-dynamic	3	48	1566.2
torch-compile-dynamic	3	64	1643.7
torch-compile-dynamic	3	96	1854.7
torch-compile-dynamic	3	128	1982.0
torch-compile-dynamic	3	32	1364.2
torch-compile-dynamic	3	48	1584.5
torch-compile-dynamic	3	64	1651.0
torch-compile-dynamic	3	96	1853.0
torch-compile-dynamic	3	128	1949.3
torch-compile-dynamic	3	32	1350.4
torch-compile-dynamic	3	48	1569.7
torch-compile-dynamic	3	64	1637.9
torch-compile-dynamic	3	96	1859.7
torch-compile-dynamic	3	128	1953.6
torch-compile-dynamic	3	32	1363.3
torch-compile-dynamic	3	48	1570.0
torch-compile-dynamic	3	64	1638.7
torch-compile-dynamic	3	96	1861.3
torch-compile-dynamic	3	128	1960.5
torch-compile-dynamic	3	32	1334.9
torch-compile-dynamic	3	48	1558.5
torch-compile-dynamic	3	64	1663.0
torch-compile-dynamic	3	96	1859.2
torch-compile-dynamic	3	128	1944.3
torch-compile-dynamic	3	32	1328.0
torch-compile-dynamic	3	48	1582.1
torch-compile-dynamic	3	64	1635.6
torch-compile-dynamic	3	96	1855.9
torch-compile-dynamic	3	128	1974.8
torch-compile-dynamic	3	32	1342.1
torch-compile-dynamic	3	48	1561.6
torch-compile-dynamic	3	64	1640.8
torch-compile-dynamic	3	96	1862.3
torch-compile-dynamic	3	128	1956.9
torch-compile-dynamic	3	32	1340.6
torch-compile-dynamic	3	48	1552.6
torch-compile-dynamic	3	64	1639.1
torch-compile-dynamic	3	96	1871.3
torch-compile-dynamic	3	128	1952.4
torch-compile-dynamic	3	32	1336.8
torch-compile-dynamic	3	48	1561.6
torch-compile-dynamic	3	64	1646.0
torch-compile-dynamic	3	96	1851.8
torch-compile-dynamic	3	128	1958.1
torch-compile-dynamic	3	32	1335.6
torch-compile-dynamic	3	48	1568.6
torch-compile-dynamic	3	64	1648.7
torch-compile-dynamic	3	96	1848.9
torch-compile-dynamic	3	128	1954.6
torch-compile-dynamic	3	32	1362.8
torch-compile-dynamic	3	48	1571.4
torch-compile-dynamic	3	64	1634.4
torch-compile-dynamic	3	96	1861.3
torch-compile-dynamic	3	128	1978.6
torch-compile-dynamic	3	32	1341.1
torch-compile-dynamic	3	48	1556.9
torch-compile-dynamic	3	64	1648.4
torch-compile-dynamic	3	96	1860.1
torch-compile-dynamic	3	128	1951.9
torch-compile-dynamic	3	32	1340.9
torch-compile-dynamic	3	48	1580.2
torch-compile-dynamic	3	64	1660.6
torch-compile-dynamic	3	96	1866.6
torch-compile-dynamic	3	128	1973.6
torch-compile-dynamic	3	32	1352.3
torch-compile-dynamic	3	48	1572.6
torch-compile-dynamic	3	64	1636.7
torch-compile-dynamic	3	96	1849.4
torch-compile-dynamic	3	128	1972.2
torch-compile-dynamic	3	32	1336.6
torch-compile-dynamic	3	48	1559.5
torch-compile-dynamic	3	64	1661.3
torch-compile-dynamic	3	96	1860.4
torch-compile-dynamic	3	128	1958.6
torch-compile-dynamic	3	32	1344.2
torch-compile-dynamic	3	48	1581.9
torch-compile-dynamic	3	64	1636.7
torch-compile-dynamic	3	96	1864.9
torch-compile-dynamic	3	128	1961.5
torch-compile-dynamic	3	32	1362.8
torch-compile-dynamic	3	48	1568.8
torch-compile-dynamic	3	64	1651.5
torch-compile-dynamic	3	96	1854.9
torch-compile-dynamic	3	128	1964.6
torch-compile-dynamic	3	32	1348.3
torch-compile-dynamic	3	48	1560.0
torch-compile-dynamic	3	64	1644.4
torch-compile-dynamic	3	96	1861.1
torch-compile-dynamic	3	128	1956.5
