mode	variant	k	n	iters	warm_s	steady_us	kernels	acc	compiled_in_timed	launches_per_iter	graphs	breaks	compile_ms	first_run_ms
fused	0	1	1000000	200	0.001177	29.640198	53	1000000.000000	0	1.000000	float64
eager	0	1	1000000	200	0.001424	76.864958	51	1000000.000000	0	3.005000	float64
nojit	0	1	1000000	200	0.000985	77.115297	51	1000000.000000	0	3.005000	float64
torch-compile	0	1	1000000	200	0.482450	44.497252	0	1000000.000000	0	1	0	float64	-1	481.239
torch-eager	0	1	1000000	200	0.034068	78.268051	0	1000000.000000	0	-1	-1	float64	-1	32.420
triton	0	1	1000000	200	0.286699	30.652285	1	1000000.000000	0	-1	-1	float64	271.890	0.118
torch-tensorrt	0	1	1000000	200	0.040057	80.671310	0	1000000.000000	0	-1	-1	float64	-1	38.337
jax	0	1	1000000	200	0.042198	43.543577	0	1000000.000000	0	-1	-1	float64	190.491	0.513
iree	0	1	1000000	200	0.263039	5822.386742	0	1000000.000000	0	-1	-1	float64	545.314	24.295
fused	0	4	1000000	200	0.001996	38.260221	53	1000000.000000	0	1.000000	float64
eager	0	4	1000000	200	0.003900	306.710005	51	1000000.000000	0	12.005000	float64
nojit	0	4	1000000	200	0.003268	306.580067	51	1000000.000000	0	12.005000	float64
torch-compile	0	4	1000000	200	0.440558	68.352222	0	1000000.000000	0	1	0	float64	-1	439.008
torch-eager	0	4	1000000	200	0.044952	312.334299	0	1000000.000000	0	-1	-1	float64	-1	38.949
triton	0	4	1000000	200	0.327591	39.209127	1	1000000.000000	0	-1	-1	float64	312.585	0.128
torch-tensorrt	0	4	1000000	200	0.044815	321.565866	0	1000000.000000	0	-1	-1	float64	-1	38.641
jax	0	4	1000000	200	0.043822	88.531971	0	1000000.000000	0	-1	-1	float64	200.629	0.585
iree	0	4	1000000	200	0.263277	5883.842707	0	1000000.000000	0	-1	-1	float64	553.174	24.966
fused	0	8	1000000	200	0.003032	67.019463	53	1000000.000000	0	1.000000	float64
eager	0	8	1000000	200	0.006868	612.480640	51	1000000.000000	0	24.005000	float64
nojit	0	8	1000000	200	0.006336	612.905025	51	1000000.000000	0	24.005000	float64
torch-compile	0	8	1000000	200	0.423353	132.724047	0	1000000.000000	0	1	0	float64	-1	420.623
torch-eager	0	8	1000000	200	0.048450	624.654293	0	1000000.000000	0	-1	-1	float64	-1	36.507
triton	0	8	1000000	200	0.322440	70.662498	1	1000000.000000	0	-1	-1	float64	306.814	0.156
torch-tensorrt	0	8	1000000	200	0.052557	643.115044	0	1000000.000000	0	-1	-1	float64	-1	40.271
jax	0	8	1000000	200	0.044383	169.304609	0	1000000.000000	0	-1	-1	float64	210.166	0.646
iree	0	8	1000000	200	0.261077	5913.802385	0	1000000.000000	0	-1	-1	float64	558.866	24.695
fused	0	4	10000	200	0.000917	11.889935	53	10000.000000	0	1.000000	float64
eager	0	4	10000	200	0.001061	39.075613	51	10000.000000	0	12.005000	float64
nojit	0	4	10000	200	0.000518	39.370060	51	10000.000000	0	12.005000	float64
torch-compile	0	4	10000	200	0.427023	49.461126	0	10000.000000	0	1	0	float64	-1	425.815
torch-eager	0	4	10000	200	0.036402	53.554773	0	10000.000000	0	-1	-1	float64	-1	35.238
triton	0	4	10000	200	0.323201	18.846989	1	10000.000000	0	-1	-1	float64	309.405	0.095
torch-tensorrt	0	4	10000	200	0.041197	54.880381	0	10000.000000	0	-1	-1	float64	-1	40.066
jax	0	4	10000	200	0.044332	44.205189	0	10000.000000	0	-1	-1	float64	197.614	0.521
iree	0	4	10000	200	0.021275	455.024242	0	10000.000000	0	-1	-1	float64	558.326	9.862
fused	0	4	100000	200	0.000865	12.810230	53	100000.000000	0	1.000000	float64
eager	0	4	100000	200	0.001118	44.239759	51	100000.000000	0	12.005000	float64
nojit	0	4	100000	200	0.000522	43.200254	51	100000.000000	0	12.005000	float64
torch-compile	0	4	100000	200	0.488941	47.451258	0	100000.000000	0	1	0	float64	-1	487.652
torch-eager	0	4	100000	200	0.036776	54.200888	0	100000.000000	0	-1	-1	float64	-1	35.635
triton	0	4	100000	200	0.299455	19.394159	1	100000.000000	0	-1	-1	float64	285.607	0.097
torch-tensorrt	0	4	100000	200	0.039891	60.859919	0	100000.000000	0	-1	-1	float64	-1	38.619
jax	0	4	100000	200	0.038362	46.477318	0	100000.000000	0	-1	-1	float64	183.944	0.500
iree	0	4	100000	200	0.044680	918.214321	0	100000.000000	0	-1	-1	float64	552.327	13.041
fused	0	4	1000000	200	0.002022	39.864779	53	1000000.000000	0	1.000000	float64
eager	0	4	1000000	200	0.003864	307.960510	51	1000000.000000	0	12.005000	float64
nojit	0	4	1000000	200	0.003294	306.589603	51	1000000.000000	0	12.005000	float64
torch-compile	0	4	1000000	200	0.420256	68.370104	0	1000000.000000	0	1	0	float64	-1	418.752
torch-eager	0	4	1000000	200	0.045037	312.350988	0	1000000.000000	0	-1	-1	float64	-1	39.032
triton	0	4	1000000	200	0.288922	39.087534	1	1000000.000000	0	-1	-1	float64	274.580	0.117
torch-tensorrt	0	4	1000000	200	0.044074	321.767330	0	1000000.000000	0	-1	-1	float64	-1	37.895
jax	0	4	1000000	200	0.045526	88.204145	0	1000000.000000	0	-1	-1	float64	206.728	0.625
iree	0	4	1000000	200	0.267775	5844.427347	0	1000000.000000	0	-1	-1	float64	553.720	26.303
fused	0	4	10000000	200	0.012044	315.239429	53	10000000.000000	0	1.000000	float64
eager	0	4	10000000	200	0.030712	3026.994467	51	10000000.000000	0	12.005000	float64
nojit	0	4	10000000	200	0.030680	3027.304411	51	10000000.000000	0	12.005000	float64
torch-compile	0	4	10000000	200	0.492748	635.355711	0	10000000.000000	0	1	0	float64	-1	480.188
torch-eager	0	4	10000000	200	0.097033	3045.643568	0	10000000.000000	0	-1	-1	float64	-1	38.993
triton	0	4	10000000	200	0.316280	326.974392	1	10000000.000000	0	-1	-1	float64	295.302	0.777
torch-tensorrt	0	4	10000000	200	0.102630	3045.979738	0	10000000.000000	0	-1	-1	float64	-1	44.594
jax	0	4	10000000	200	0.059952	770.583153	0	10000000.000000	0	-1	-1	float64	215.594	1.287
iree	0	4	10000000	200	2.434347	48560.574055	0	10000000.000000	0	-1	-1	float64	557.801	173.347
fused	1	4	1000000	200	0.002407	43.369532	54	1000122.070313	0	1.060000	float64
eager	1	4	1000000	200	0.003919	311.849117	51	1000122.070313	0	12.150000	float64
nojit	1	4	1000000	200	0.003324	311.779976	51	1000122.070313	0	12.150000	float64
torch-compile	1	4	1000000	200	0.778330	307.525396	0	1000122.070313	0	1	0	float64	-1	494.415
torch-eager	1	4	1000000	200	0.045334	316.704512	0	1000122.070313	0	-1	-1	float64	-1	39.241
triton	1	4	1000000	200	0.304780	43.351650	2	1000122.070313	0	-1	-1	float64	289.845	0.083
torch-tensorrt	1	4	1000000	200	0.044148	325.971842	0	1000122.070313	0	-1	-1	float64	-1	37.886
jax	1	4	1000000	200	0.043895	92.914104	0	1000122.070313	0	-1	-1	float64	196.145	0.640
fused	2	4	1000000	200	0.001829	44.100285	54	1000122.070313	0	1.150000	float64
eager	2	4	1000000	200	0.003968	311.774015	51	1000122.070313	0	12.150000	float64
nojit	2	4	1000000	200	0.003329	311.645269	51	1000122.070313	0	12.150000	float64
torch-compile	2	4	1000000	200	0.729814	307.502747	0	1000122.070313	0	1	0	float64	-1	483.528
torch-eager	2	4	1000000	200	0.044922	316.672325	0	1000122.070313	0	-1	-1	float64	-1	38.834
triton	2	4	1000000	200	0.292161	43.387413	2	1000122.070313	0	-1	-1	float64	277.176	0.090
torch-tensorrt	2	4	1000000	200	0.048756	325.809717	0	1000122.070313	0	-1	-1	float64	-1	42.477
jax	2	4	1000000	200	0.042791	92.866421	0	1000122.070313	0	-1	-1	float64	202.905	0.603
fused	3	4	1000000	200	0.474370	104.700327	54	1533333.333333	0	2.000000	float64
eager	3	4	1000000	200	0.004477	357.735157	51	1533333.333333	0	14.005000	float64
nojit	3	4	1000000	200	0.004077	395.194292	51	1533333.333333	0	14.005000	float64
torch-compile	3	4	1000000	200	0.700484	164.285898	0	1533333.333333	0	2	1	float64	-1	492.893
torch-eager	3	4	1000000	200	0.043411	376.662016	0	1533333.333333	0	-1	-1	float64	-1	36.186
triton	3	4	1000000	200	0.325955	123.527050	2	1533333.333333	0	-1	-1	float64	309.687	0.083
torch-tensorrt	3	4	1000000	200	0.046770	384.913683	0	1533333.333333	0	-1	-1	float64	-1	39.401
jax	3	4	1000000	200	0.046843	272.077322	0	1533333.333333	0	-1	-1	float64	203.098	0.626
fused	4	4	1000000	200	0.002540	53.395033	54	1533317.820224	0	1.000000	float64
eager	4	4	1000000	200	0.004290	339.760780	51	1533317.820224	0	13.005000	float64
nojit	4	4	1000000	200	0.003579	337.839127	51	1533317.820224	0	13.005000	float64
torch-compile	4	4	1000000	200	0.724496	332.384109	0	1533317.820224	0	1	0	float64	-1	417.218
torch-eager	4	4	1000000	200	0.045492	342.181921	0	1533317.820224	0	-1	-1	float64	-1	38.929
triton	4	4	1000000	200	0.325887	67.421198	3	1533317.820224	0	-1	-1	float64	311.250	0.080
torch-tensorrt	4	4	1000000	200	0.048893	351.535082	0	1533317.820224	0	-1	-1	float64	-1	42.147
jax	4	4	1000000	200	0.044618	114.970207	0	1533317.820224	0	-1	-1	float64	205.228	0.593
fused	5	4	1000000	200	0.002256	56.265593	53	1533333.333333	0	1.120000	float64
eager	5	4	1000000	200	0.004310	337.015390	51	1533333.333333	0	13.005000	float64
nojit	5	4	1000000	200	0.003569	336.450338	51	1533333.333333	0	13.005000	float64
torch-compile	5	4	1000000	200	0.782476	332.713127	0	1533333.333333	0	2	1	float64	-1	499.454
torch-eager	5	4	1000000	200	0.045566	342.195034	0	1533333.333333	0	-1	-1	float64	-1	39.003
triton	5	4	1000000	200	0.314761	67.791939	2	1533333.333333	0	-1	-1	float64	299.239	0.080
torch-tensorrt	5	4	1000000	200	0.048899	351.506472	0	1533333.333333	0	-1	-1	float64	-1	42.157
jax	5	4	1000000	200	0.043122	114.865303	0	1533333.333333	0	-1	-1	float64	207.424	0.570
fused	11	1	25600	200	0.000396	3.284216	53	inf	0	1.000000	float64
eager	11	1	25600	200	0.000422	19.450188	51	inf	0	3.005000	float64
nojit	11	1	25600	200	0.000306	21.079779	51	inf	0	3.005000	float64
torch-compile	11	1	25600	200	1.622730	70.518255	0	inf	0	-1	-1	float64	-1	1616.965
torch-eager	11	1	25600	200	0.206146	23.281574	0	inf	0	-1	-1	float64	-1	203.929
triton	11	1	25600	200	0.327324	17.458200	1	inf	0	-1	-1	float64	308.673	0.096
torch-tensorrt	11	1	25600	200	2.026837	59.062243	0	inf	0	-1	-1	float64	-1	2023.238
jax	11	1	25600	200	0.069945	44.364929	0	inf	0	-1	-1	float64	51.989	0.394
iree	11	1	25600	200	0.014345	53.851604	0	inf	0	-1	-1	float64	176.385	8.701
fused	11	1	256000	200	0.001590	14.824867	53	inf	0	1.000000	float64
eager	11	1	256000	200	0.002390	113.345385	51	inf	0	3.005000	float64
nojit	11	1	256000	200	0.001566	113.500357	51	inf	0	3.005000	float64
torch-compile	11	1	256000	200	1.758695	143.221617	0	inf	0	-1	-1	float64	-1	1734.427
torch-eager	11	1	256000	200	0.250769	125.870705	0	inf	0	-1	-1	float64	-1	227.700
triton	11	1	256000	200	0.328017	17.719269	1	inf	0	-1	-1	float64	308.913	0.096
torch-tensorrt	11	1	256000	200	2.006846	152.760744	0	inf	0	-1	-1	float64	-1	1983.796
jax	11	1	256000	200	0.073490	43.940544	0	inf	0	-1	-1	float64	53.746	0.413
iree	11	1	256000	200	0.047740	185.326338	0	inf	0	-1	-1	float64	174.401	11.126
fused	12	1	25600	200	0.455266	98.994970	54	256.065387	0	1.995000	float64
eager	12	1	25600	200	0.001362	98.835230	51	256.065387	0	2.005000	float64
nojit	12	1	25600	200	0.001286	97.939968	51	256.065387	0	2.005000	float64
torch-compile	12	1	25600	200	1.707985	137.354136	0	256.065387	0	-1	-1	float64	-1	1691.062
torch-eager	12	1	25600	200	0.250783	136.685371	0	256.065387	0	-1	-1	float64	-1	239.647
triton	12	1	25600	200	0.296063	299.252272	1	256.065387	0	-1	-1	float64	276.907	0.410
torch-tensorrt	12	1	25600	200	2.040774	134.373903	0	256.065387	0	-1	-1	float64	-1	2029.635
jax	12	1	25600	200	0.058866	41.165352	0	256.065387	0	-1	-1	float64	1547.605	0.700
iree	12	1	25600	200	0.054991	1897.978783	0	256.065387	0	-1	-1	float64	215.245	14.932
fused	12	1	256000	200	0.004415	341.740847	54	2560.654532	0	1.995000	float64
eager	12	1	256000	200	0.004258	341.449976	51	2560.654532	0	2.005000	float64
nojit	12	1	256000	200	0.004918	337.409973	51	2560.654532	0	2.005000	float64
torch-compile	12	1	256000	200	1.831882	495.444536	0	2560.654532	0	-1	-1	float64	-1	1793.825
torch-eager	12	1	256000	200	0.302187	496.015549	0	2560.654532	0	-1	-1	float64	-1	265.802
triton	12	1	256000	200	0.293173	299.634933	1	2560.654532	0	-1	-1	float64	274.867	0.393
torch-tensorrt	12	1	256000	200	2.071135	486.593246	0	2560.654532	0	-1	-1	float64	-1	2035.495
jax	12	1	256000	200	0.073560	256.664753	0	2560.654532	0	-1	-1	float64	1593.404	0.895
iree	12	1	256000	200	0.051522	439.211130	0	2560.654532	0	-1	-1	float64	228.211	10.220
fused	13	1	25600	200	0.437829	440.624952	53	0.000000	0	1.005000	float64
eager	13	1	25600	200	0.005874	524.080992	51	0.000000	0	6.005000	float64
nojit	13	1	25600	200	0.005825	524.150133	51	0.000000	0	6.005000	float64
torch-compile	13	1	25600	200	1.772445	621.250868	0	0.000000	0	-1	-1	float64	-1	1726.913
torch-eager	13	1	25600	200	0.301975	581.486225	0	0.000000	0	-1	-1	float64	-1	266.274
triton	13	1	25600	200	0.355524	1232.345104	2	0.000000	0	-1	-1	float64	313.118	1.275
torch-tensorrt	13	1	25600	200	2.106839	582.251549	0	0.000000	0	-1	-1	float64	-1	2071.006
jax	13	1	25600	200	0.065009	123.486519	0	0.000000	0	-1	-1	float64	1868.579	0.983
iree	13	1	25600	200	0.072869	2807.934284	0	0.000000	0	-1	-1	float64	324.317	12.007
fused	13	1	256000	200	0.048214	4724.135399	53	-0.000000	0	1.005000	float64
eager	13	1	256000	200	0.056249	5398.010015	51	-0.000000	0	6.005000	float64
nojit	13	1	256000	200	0.056175	5393.805504	51	-0.000000	0	6.005000	float64
torch-compile	13	1	256000	200	1.833265	4976.943731	0	-0.000000	0	-1	-1	float64	-1	1688.384
torch-eager	13	1	256000	200	0.447114	4860.336781	0	-0.000000	0	-1	-1	float64	-1	303.513
triton	13	1	256000	200	0.421849	4647.585154	2	-0.000000	0	-1	-1	float64	314.727	4.692
torch-tensorrt	13	1	256000	200	2.319861	4834.767580	0	-0.000000	0	-1	-1	float64	-1	2180.982
jax	13	1	256000	200	0.147849	3747.978210	0	-0.000000	0	-1	-1	float64	1926.686	4.797
iree	13	1	256000	200	0.153688	5135.269165	0	-0.000000	0	-1	-1	float64	637.728	20.149
fused	6	1	25600	200	0.003547	277.445316	56	256.065463	0	5.985000	float64
eager	6	1	25600	200	0.003342	279.949903	51	256.065463	0	6.005000	float64
nojit	6	1	25600	200	0.003480	293.229818	51	256.065463	0	6.005000	float64
torch-compile	6	1	25600	200	1.746775	403.950214	0	256.065463	0	-1	-1	float64	-1	1712.541
torch-eager	6	1	25600	200	0.275993	393.681526	0	256.065463	0	-1	-1	float64	-1	247.602
triton	6	1	25600	200	0.339910	875.359774	1	256.065463	0	-1	-1	float64	308.659	0.938
torch-tensorrt	6	1	25600	200	2.149182	380.835533	0	256.065463	0	-1	-1	float64	-1	2122.697
jax	6	1	25600	200	0.066151	107.687712	0	256.065463	0	-1	-1	float64	1611.477	0.941
iree	6	1	25600	200	0.131291	5392.136574	0	256.065463	0	-1	-1	float64	225.403	17.606
fused	6	1	256000	200	0.011915	1012.179852	56	2560.654707	0	5.985000	float64
eager	6	1	256000	200	0.011741	1016.200781	51	2560.654707	0	6.005000	float64
nojit	6	1	256000	200	0.011762	1012.275219	51	2560.654707	0	6.005000	float64
torch-compile	6	1	256000	200	1.741041	1243.869066	0	2560.654707	0	-1	-1	float64	-1	1675.667
torch-eager	6	1	256000	200	0.347258	1262.673140	0	2560.654707	0	-1	-1	float64	-1	283.025
triton	6	1	256000	200	0.333298	892.157555	1	2560.654707	0	-1	-1	float64	302.735	0.940
torch-tensorrt	6	1	256000	200	2.132026	1254.897118	0	2560.654707	0	-1	-1	float64	-1	2070.980
jax	6	1	256000	200	0.084032	754.548311	0	2560.654707	0	-1	-1	float64	1579.401	1.580
iree	6	1	256000	200	0.061809	909.236670	0	2560.654707	0	-1	-1	float64	237.765	10.742
fused	7	1	25600	200	0.007134	646.694899	57	25.611041	0	16.000000	float64
eager	7	1	25600	200	0.007234	668.630600	51	25.611041	0	26.000000	float64
nojit	7	1	25600	200	0.007135	668.424368	51	25.611041	0	26.000000	float64
torch-compile	7	1	25600	200	1.858785	860.466957	0	25.611041	0	-1	-1	float64	-1	1816.379
torch-eager	7	1	25600	200	0.306450	790.319443	0	25.611041	0	-1	-1	float64	-1	270.602
torch-tensorrt	7	1	25600	200	2.158908	834.649801	0	25.611041	0	-1	-1	float64	-1	2121.650
jax	7	1	25600	200	0.008884	324.717760	0	25.611041	0	-1	-1	float64	2213.888	1.517
fused	7	1	256000	200	0.031275	2820.285559	57	0.000000	0	16.000000	float64
eager	7	1	256000	200	0.029571	2817.349434	51	0.000000	0	26.000000	float64
nojit	7	1	256000	200	0.029115	2836.585045	51	0.000000	0	26.000000	float64
torch-compile	7	1	256000	200	1.793490	3044.763803	0	0.000000	0	-1	-1	float64	-1	1695.054
torch-eager	7	1	256000	200	0.399042	3093.030453	0	0.000000	0	-1	-1	float64	-1	298.435
torch-tensorrt	7	1	256000	200	2.250216	3085.393906	0	0.000000	0	-1	-1	float64	-1	2151.800
jax	7	1	256000	200	0.043077	1981.416941	0	0.000000	0	-1	-1	float64	2223.674	4.002
fused	8	1	25600	200	0.005172	464.314222	57	3221914.952339	0	5.000000	float64
eager	8	1	25600	200	0.007980	779.889822	51	3221914.952339	0	34.005000	float64
nojit	8	1	25600	200	0.008065	779.809952	51	3221914.952339	0	34.005000	float64
torch-compile	8	1	25600	200	1.809349	518.889427	0	3221914.952339	0	-1	-1	float64	-1	1792.573
torch-eager	8	1	25600	200	0.315554	557.492971	0	3221914.952339	0	-1	-1	float64	-1	300.390
torch-tensorrt	8	1	25600	200	2.376544	571.056604	0	3221914.952339	0	-1	-1	float64	-1	2359.902
jax	8	1	25600	200	0.068402	267.163515	0	3221914.952339	0	-1	-1	float64	1252.837	1.290
fused	8	1	256000	200	0.224279	22316.169739	57	32261731.495851	0	5.000000	float64
eager	8	1	256000	200	0.251186	25077.880621	51	32261731.495851	0	34.005000	float64
nojit	8	1	256000	200	0.251553	25101.114511	51	32261731.495851	0	34.005000	float64
torch-compile	8	1	256000	200	2.532055	29761.484861	0	32261731.495851	0	-1	-1	float64	-1	1935.916
torch-eager	8	1	256000	200	0.888466	27349.735498	0	32261731.495851	0	-1	-1	float64	-1	339.964
torch-tensorrt	8	1	256000	200	2.742477	27360.241413	0	32261731.495851	0	-1	-1	float64	-1	2189.793
jax	8	1	256000	200	0.384116	15402.560234	0	32261731.495851	0	-1	-1	float64	1519.129	16.658
fused	9	1	25600	200	0.007880	757.950544	57	214.208506	0	6.000000	float64
eager	9	1	25600	200	0.007782	765.944719	54	214.208506	0	10.000000	float64
nojit	9	1	25600	200	0.007786	766.195059	54	214.208506	0	10.000000	float64
torch-compile	9	1	25600	200	1.847908	860.477686	0	214.208506	0	-1	-1	float64	-1	1825.377
torch-eager	9	1	25600	200	0.289808	799.478292	0	214.208506	0	-1	-1	float64	-1	270.518
torch-tensorrt	9	1	25600	200	2.162504	933.978558	0	214.208506	0	-1	-1	float64	-1	2140.399
jax	9	1	25600	200	0.005769	251.284838	0	214.208506	0	-1	-1	float64	365.331	0.755
fused	9	1	256000	200	0.007107	573.340654	57	2158.224764	0	6.000000	float64
eager	9	1	256000	200	0.006817	578.244925	54	2158.224764	0	10.000000	float64
nojit	9	1	256000	200	0.007022	568.795204	54	2158.224764	0	10.000000	float64
torch-compile	9	1	256000	200	1.825530	634.961128	0	2158.224764	0	-1	-1	float64	-1	1790.473
torch-eager	9	1	256000	200	0.338830	572.271347	0	2158.224764	0	-1	-1	float64	-1	307.096
torch-tensorrt	9	1	256000	200	2.206326	1533.080339	0	2158.224764	0	-1	-1	float64	-1	2153.936
jax	9	1	256000	200	0.008123	356.714725	0	2158.224764	0	-1	-1	float64	803.639	0.950
fused	10	1	25600	200	0.040615	3886.530399	76	0.000000	0	79.000000	float64
eager	10	1	25600	200	0.048305	4795.080423	51	0.000000	0	235.000000	float64
nojit	10	1	25600	200	0.047577	4787.764549	51	0.000000	0	238.000000	float64
torch-compile	10	1	25600	200	1.880916	3166.100979	0	0.000000	0	-1	-1	float64	-1	1807.865
torch-eager	10	1	25600	200	0.401788	3686.515093	0	0.000000	0	-1	-1	float64	-1	321.992
torch-tensorrt	10	1	25600	200	2.408469	4030.301571	0	0.000000	0	-1	-1	float64	-1	2320.519
jax	10	1	25600	200	0.036217	1516.886950	0	0.000000	0	-1	-1	float64	4240.838	6.836
fused	10	1	191488	200	0.892471	93914.655447	76	0.000000	0	79.000000	float64
eager	10	1	191488	200	0.938992	99008.854628	51	0.000000	0	235.000000	float64
nojit	10	1	191488	200	0.944724	99368.534088	51	0.000000	0	238.000000	float64
torch-compile	10	1	191488	200	3.564343	78663.600683	0	0.000000	0	-1	-1	float64	-1	2039.146
torch-eager	10	1	191488	200	1.920459	78936.612606	0	0.000000	0	-1	-1	float64	-1	399.590
torch-tensorrt	10	1	191488	200	4.052222	79001.929760	0	0.000000	0	-1	-1	float64	-1	2535.936
jax	10	1	191488	200	0.831427	41843.847036	0	0.000000	0	-1	-1	float64	5064.478	71.761
fused	0	1	1000000	200	0.001165	29.164553	53	1000000.000000	0	1.000000	float64
eager	0	1	1000000	200	0.001430	76.625347	51	1000000.000000	0	3.005000	float64
nojit	0	1	1000000	200	0.000975	76.814890	51	1000000.000000	0	3.005000	float64
torch-compile	0	1	1000000	200	0.424697	59.864521	0	1000000.000000	0	1	0	float64	-1	423.264
torch-eager	0	1	1000000	200	0.036663	78.234673	0	1000000.000000	0	-1	-1	float64	-1	35.022
triton	0	1	1000000	200	0.289474	30.666590	1	1000000.000000	0	-1	-1	float64	274.564	0.118
torch-tensorrt	0	1	1000000	200	0.039658	80.660582	0	1000000.000000	0	-1	-1	float64	-1	37.965
jax	0	1	1000000	200	0.041896	42.830706	0	1000000.000000	0	-1	-1	float64	196.090	0.457
iree	0	1	1000000	200	0.264213	5738.036633	0	1000000.000000	0	-1	-1	float64	527.560	25.588
fused	0	4	1000000	200	0.001981	38.380623	53	1000000.000000	0	1.000000	float64
eager	0	4	1000000	200	0.003811	306.994915	51	1000000.000000	0	12.005000	float64
nojit	0	4	1000000	200	0.003274	306.680202	51	1000000.000000	0	12.005000	float64
torch-compile	0	4	1000000	200	0.433436	68.464279	0	1000000.000000	0	1	0	float64	-1	431.894
torch-eager	0	4	1000000	200	0.044380	312.322378	0	1000000.000000	0	-1	-1	float64	-1	38.380
triton	0	4	1000000	200	0.322305	39.068460	1	1000000.000000	0	-1	-1	float64	307.339	0.135
torch-tensorrt	0	4	1000000	200	0.044999	321.463346	0	1000000.000000	0	-1	-1	float64	-1	38.825
jax	0	4	1000000	200	0.042187	88.080168	0	1000000.000000	0	-1	-1	float64	201.943	0.589
iree	0	4	1000000	200	0.263718	5749.624968	0	1000000.000000	0	-1	-1	float64	554.521	25.489
fused	0	8	1000000	200	0.003003	67.350864	53	1000000.000000	0	1.000000	float64
eager	0	8	1000000	200	0.006912	612.874031	51	1000000.000000	0	24.005000	float64
nojit	0	8	1000000	200	0.006341	613.110065	51	1000000.000000	0	24.005000	float64
torch-compile	0	8	1000000	200	0.491683	132.602453	0	1000000.000000	0	1	0	float64	-1	488.925
torch-eager	0	8	1000000	200	0.051174	624.557734	0	1000000.000000	0	-1	-1	float64	-1	39.245
triton	0	8	1000000	200	0.305586	67.002773	1	1000000.000000	0	-1	-1	float64	290.286	0.151
torch-tensorrt	0	8	1000000	200	0.051116	642.203093	0	1000000.000000	0	-1	-1	float64	-1	38.817
jax	0	8	1000000	200	0.044229	160.264969	0	1000000.000000	0	-1	-1	float64	214.237	0.699
iree	0	8	1000000	200	0.261688	5807.520151	0	1000000.000000	0	-1	-1	float64	564.791	25.504
fused	0	4	10000	200	0.000919	11.909008	53	10000.000000	0	1.000000	float64
eager	0	4	10000	200	0.001081	39.085150	51	10000.000000	0	12.005000	float64
nojit	0	4	10000	200	0.000512	39.389133	51	10000.000000	0	12.005000	float64
torch-compile	0	4	10000	200	0.422311	59.888363	0	10000.000000	0	1	0	float64	-1	420.856
torch-eager	0	4	10000	200	0.039382	57.836771	0	10000.000000	0	-1	-1	float64	-1	38.188
triton	0	4	10000	200	0.322874	18.694401	1	10000.000000	0	-1	-1	float64	309.398	0.093
torch-tensorrt	0	4	10000	200	0.039671	53.722858	0	10000.000000	0	-1	-1	float64	-1	38.542
jax	0	4	10000	200	0.044754	41.781664	0	10000.000000	0	-1	-1	float64	194.848	0.504
iree	0	4	10000	200	0.021417	457.717180	0	10000.000000	0	-1	-1	float64	558.139	10.040
fused	0	4	100000	200	0.000867	12.824535	53	100000.000000	0	1.000000	float64
eager	0	4	100000	200	0.001193	44.424534	51	100000.000000	0	12.005000	float64
nojit	0	4	100000	200	0.000519	43.140650	51	100000.000000	0	12.005000	float64
torch-compile	0	4	100000	200	0.459955	42.668581	0	100000.000000	0	1	0	float64	-1	458.868
torch-eager	0	4	100000	200	0.035042	54.910183	0	100000.000000	0	-1	-1	float64	-1	33.891
triton	0	4	100000	200	0.289536	20.650625	1	100000.000000	0	-1	-1	float64	275.484	0.098
torch-tensorrt	0	4	100000	200	0.038292	55.607557	0	100000.000000	0	-1	-1	float64	-1	37.105
jax	0	4	100000	200	0.038513	42.529106	0	100000.000000	0	-1	-1	float64	184.208	0.523
iree	0	4	100000	200	0.042612	940.016508	0	100000.000000	0	-1	-1	float64	553.366	11.505
fused	0	4	1000000	200	0.001974	39.864779	53	1000000.000000	0	1.000000	float64
eager	0	4	1000000	200	0.003805	308.104753	51	1000000.000000	0	12.005000	float64
nojit	0	4	1000000	200	0.003275	306.710005	51	1000000.000000	0	12.005000	float64
torch-compile	0	4	1000000	200	0.486359	68.365335	0	1000000.000000	0	1	0	float64	-1	484.840
torch-eager	0	4	1000000	200	0.044866	312.348604	0	1000000.000000	0	-1	-1	float64	-1	38.857
fused	0	4	10000000	200	0.012062	315.319300	53	10000000.000000	0	1.000000	float64
eager	0	4	10000000	200	0.030685	3027.155399	51	10000000.000000	0	12.005000	float64
nojit	0	4	10000000	200	0.030656	3027.495146	51	10000000.000000	0	12.005000	float64
torch-compile	0	4	10000000	200	0.436215	640.270710	0	10000000.000000	0	1	0	float64	-1	423.598
torch-eager	0	4	10000000	200	0.095583	3045.623302	0	10000000.000000	0	-1	-1	float64	-1	37.524
triton	0	4	10000000	200	0.296597	327.255726	1	10000000.000000	0	-1	-1	float64	276.694	0.747
torch-tensorrt	0	4	10000000	200	0.097398	3045.594692	0	10000000.000000	0	-1	-1	float64	-1	39.334
jax	0	4	10000000	200	0.059978	770.868063	0	10000000.000000	0	-1	-1	float64	220.745	1.265
iree	0	4	10000000	200	2.446426	50176.352262	0	10000000.000000	0	-1	-1	float64	557.848	172.786
fused	1	4	1000000	200	0.002413	41.680336	54	1000122.070313	0	1.060000	float64
eager	1	4	1000000	200	0.003930	311.850309	51	1000122.070313	0	12.150000	float64
nojit	1	4	1000000	200	0.003326	311.470032	51	1000122.070313	0	12.150000	float64
torch-compile	1	4	1000000	200	0.762597	307.627916	0	1000122.070313	0	1	0	float64	-1	488.215
torch-eager	1	4	1000000	200	0.045263	316.791534	0	1000122.070313	0	-1	-1	float64	-1	39.173
triton	1	4	1000000	200	0.322981	43.352842	2	1000122.070313	0	-1	-1	float64	308.873	0.082
torch-tensorrt	1	4	1000000	200	0.048482	325.919390	0	1000122.070313	0	-1	-1	float64	-1	42.214
jax	1	4	1000000	200	0.042625	92.912912	0	1000122.070313	0	-1	-1	float64	203.343	0.598
fused	2	4	1000000	200	0.001803	44.130087	54	1000122.070313	0	1.150000	float64
eager	2	4	1000000	200	0.003932	311.759710	51	1000122.070313	0	12.150000	float64
nojit	2	4	1000000	200	0.003343	311.640501	51	1000122.070313	0	12.150000	float64
torch-compile	2	4	1000000	200	0.776759	307.718515	0	1000122.070313	0	1	0	float64	-1	481.562
torch-eager	2	4	1000000	200	0.042421	316.689014	0	1000122.070313	0	-1	-1	float64	-1	36.324
triton	2	4	1000000	200	0.325616	43.321848	2	1000122.070313	0	-1	-1	float64	310.619	0.082
torch-tensorrt	2	4	1000000	200	0.047928	325.896740	0	1000122.070313	0	-1	-1	float64	-1	41.660
jax	2	4	1000000	200	0.043459	93.029737	0	1000122.070313	0	-1	-1	float64	204.617	0.588
fused	3	4	1000000	200	0.002523	103.745461	54	1533333.333333	0	2.000000	float64
eager	3	4	1000000	200	0.004466	357.465744	51	1533333.333333	0	14.005000	float64
nojit	3	4	1000000	200	0.004062	394.940376	51	1533333.333333	0	14.005000	float64
torch-compile	3	4	1000000	200	0.727956	164.926052	0	1533333.333333	0	2	1	float64	-1	541.476
torch-eager	3	4	1000000	200	0.046408	376.923084	0	1533333.333333	0	-1	-1	float64	-1	39.198
triton	3	4	1000000	200	0.325714	122.601986	2	1533333.333333	0	-1	-1	float64	309.984	0.087
torch-tensorrt	3	4	1000000	200	0.049397	385.023355	0	1533333.333333	0	-1	-1	float64	-1	42.030
jax	3	4	1000000	200	0.048105	280.869007	0	1533333.333333	0	-1	-1	float64	207.041	0.586
fused	4	4	1000000	200	0.002551	52.440166	54	1533317.820224	0	1.000000	float64
eager	4	4	1000000	200	0.004307	340.075493	51	1533317.820224	0	13.005000	float64
nojit	4	4	1000000	200	0.003563	336.500406	51	1533317.820224	0	13.005000	float64
torch-compile	4	4	1000000	200	0.670649	332.058668	0	1533317.820224	0	1	0	float64	-1	411.803
torch-eager	4	4	1000000	200	0.043200	342.140198	0	1533317.820224	0	-1	-1	float64	-1	36.640
triton	4	4	1000000	200	0.328989	68.440437	3	1533317.820224	0	-1	-1	float64	313.914	0.085
torch-tensorrt	4	4	1000000	200	0.048867	351.529121	0	1533317.820224	0	-1	-1	float64	-1	42.115
jax	4	4	1000000	200	0.043871	115.236044	0	1533317.820224	0	-1	-1	float64	204.128	0.572
fused	5	4	1000000	200	0.002229	53.950548	53	1533333.333333	0	1.120000	float64
eager	5	4	1000000	200	0.004253	337.054729	51	1533333.333333	0	13.005000	float64
nojit	5	4	1000000	200	0.003558	336.440802	51	1533333.333333	0	13.005000	float64
torch-compile	5	4	1000000	200	0.777672	332.540274	0	1533333.333333	0	2	1	float64	-1	496.618
torch-eager	5	4	1000000	200	0.043822	342.165232	0	1533333.333333	0	-1	-1	float64	-1	37.255
triton	5	4	1000000	200	0.314432	69.234371	2	1533333.333333	0	-1	-1	float64	299.715	0.081
torch-tensorrt	5	4	1000000	200	0.046247	351.573229	0	1533333.333333	0	-1	-1	float64	-1	39.495
jax	5	4	1000000	200	0.044593	120.702982	0	1533333.333333	0	-1	-1	float64	203.960	0.585
fused	11	1	25600	200	0.000419	3.504753	53	inf	0	1.000000	float64
eager	11	1	25600	200	0.000455	20.719767	51	inf	0	3.005000	float64
nojit	11	1	25600	200	0.000303	21.075010	51	inf	0	3.005000	float64
torch-compile	11	1	25600	200	1.697937	66.446066	0	inf	0	-1	-1	float64	-1	1692.604
torch-eager	11	1	25600	200	0.209271	25.388002	0	inf	0	-1	-1	float64	-1	206.848
triton	11	1	25600	200	0.326939	18.045902	1	inf	0	-1	-1	float64	308.261	0.098
torch-tensorrt	11	1	25600	200	1.972591	58.171749	0	inf	0	-1	-1	float64	-1	1969.012
jax	11	1	25600	200	0.065129	47.230721	0	inf	0	-1	-1	float64	54.739	0.415
iree	11	1	25600	200	0.014410	53.346157	0	inf	0	-1	-1	float64	177.433	8.762
fused	11	1	256000	200	0.001631	15.289783	53	inf	0	1.000000	float64
eager	11	1	256000	200	0.002392	113.373995	51	inf	0	3.005000	float64
nojit	11	1	256000	200	0.001554	113.015175	51	inf	0	3.005000	float64
torch-compile	11	1	256000	200	1.771182	138.891935	0	inf	0	-1	-1	float64	-1	1747.429
torch-eager	11	1	256000	200	0.253857	126.243830	0	inf	0	-1	-1	float64	-1	230.751
triton	11	1	256000	200	0.328127	17.729998	1	inf	0	-1	-1	float64	308.838	0.091
torch-tensorrt	11	1	256000	200	2.054342	153.490305	0	inf	0	-1	-1	float64	-1	2031.006
jax	11	1	256000	200	0.072718	33.696890	0	inf	0	-1	-1	float64	53.590	0.390
iree	11	1	256000	200	0.048561	187.753439	0	inf	0	-1	-1	float64	174.401	11.897
fused	12	1	25600	200	0.001555	99.050999	54	256.065387	0	1.995000	float64
eager	12	1	25600	200	0.001370	98.860264	51	256.065387	0	2.005000	float64
nojit	12	1	25600	200	0.001280	98.005533	51	256.065387	0	2.005000	float64
torch-compile	12	1	25600	200	1.667401	138.010979	0	256.065387	0	-1	-1	float64	-1	1647.764
torch-eager	12	1	25600	200	0.252043	137.152672	0	256.065387	0	-1	-1	float64	-1	240.948
triton	12	1	25600	200	0.328309	298.844576	1	256.065387	0	-1	-1	float64	309.379	0.403
torch-tensorrt	12	1	25600	200	2.160587	139.127970	0	256.065387	0	-1	-1	float64	-1	2148.605
jax	12	1	25600	200	0.061831	45.061111	0	256.065387	0	-1	-1	float64	1587.685	0.604
iree	12	1	25600	200	0.054245	1798.294783	0	256.065387	0	-1	-1	float64	214.526	14.388
fused	12	1	256000	200	0.004402	341.490507	54	2560.654532	0	1.995000	float64
eager	12	1	256000	200	0.004252	341.539383	51	2560.654532	0	2.005000	float64
nojit	12	1	256000	200	0.004956	337.289572	51	2560.654532	0	2.005000	float64
torch-compile	12	1	256000	200	1.833826	513.794422	0	2560.654532	0	-1	-1	float64	-1	1790.982
torch-eager	12	1	256000	200	0.299986	496.284962	0	2560.654532	0	-1	-1	float64	-1	263.519
triton	12	1	256000	200	0.297704	299.584866	1	2560.654532	0	-1	-1	float64	279.688	0.384
torch-tensorrt	12	1	256000	200	2.160747	484.963655	0	2560.654532	0	-1	-1	float64	-1	2126.098
jax	12	1	256000	200	0.073659	256.683826	0	2560.654532	0	-1	-1	float64	1620.231	1.092
iree	12	1	256000	200	0.052090	439.543724	0	2560.654532	0	-1	-1	float64	225.868	10.491
fused	13	1	25600	200	0.005110	440.915823	53	0.000000	0	1.005000	float64
eager	13	1	25600	200	0.006208	557.005405	51	0.000000	0	6.005000	float64
nojit	13	1	25600	200	0.005815	524.855852	51	0.000000	0	6.005000	float64
torch-compile	13	1	25600	200	1.756691	620.085001	0	0.000000	0	-1	-1	float64	-1	1711.550
torch-eager	13	1	25600	200	0.320864	602.040291	0	0.000000	0	-1	-1	float64	-1	280.553
triton	13	1	25600	200	0.354954	1290.544271	2	0.000000	0	-1	-1	float64	312.741	1.275
torch-tensorrt	13	1	25600	200	2.180706	594.925880	0	0.000000	0	-1	-1	float64	-1	2142.827
jax	13	1	25600	200	0.063731	123.510361	0	0.000000	0	-1	-1	float64	1943.928	1.024
iree	13	1	25600	200	0.072823	2813.851833	0	0.000000	0	-1	-1	float64	326.574	12.327
fused	13	1	256000	200	0.048204	4723.219872	53	-0.000000	0	1.005000	float64
eager	13	1	256000	200	0.056227	5397.715569	51	-0.000000	0	6.005000	float64
nojit	13	1	256000	200	0.056394	5393.470526	51	-0.000000	0	6.005000	float64
torch-compile	13	1	256000	200	1.931039	5032.652617	0	-0.000000	0	-1	-1	float64	-1	1776.786
torch-eager	13	1	256000	200	0.449018	4880.509377	0	-0.000000	0	-1	-1	float64	-1	304.781
triton	13	1	256000	200	0.427575	4680.298567	2	-0.000000	0	-1	-1	float64	315.364	4.691
torch-tensorrt	13	1	256000	200	2.311117	4846.643209	0	-0.000000	0	-1	-1	float64	-1	2171.126
jax	13	1	256000	200	0.147127	3700.056076	0	-0.000000	0	-1	-1	float64	1946.599	4.801
iree	13	1	256000	200	0.154040	5152.256489	0	-0.000000	0	-1	-1	float64	639.760	20.849
fused	6	1	25600	200	0.003515	277.295113	56	256.065463	0	5.985000	float64
eager	6	1	25600	200	0.003343	279.995203	51	256.065463	0	6.005000	float64
nojit	6	1	25600	200	0.003349	277.404785	51	256.065463	0	6.005000	float64
torch-compile	6	1	25600	200	1.791534	399.125814	0	256.065463	0	-1	-1	float64	-1	1751.136
torch-eager	6	1	25600	200	0.282775	393.733978	0	256.065463	0	-1	-1	float64	-1	254.713
triton	6	1	25600	200	0.309029	895.044804	1	256.065463	0	-1	-1	float64	278.268	0.937
torch-tensorrt	6	1	25600	200	2.090332	382.065773	0	256.065463	0	-1	-1	float64	-1	2063.320
jax	6	1	25600	200	0.061799	107.424259	0	256.065463	0	-1	-1	float64	1605.806	1.054
iree	6	1	25600	200	0.128366	5399.734974	0	256.065463	0	-1	-1	float64	226.254	17.991
fused	6	1	256000	200	0.011830	1012.209654	56	2560.654707	0	5.985000	float64
eager	6	1	256000	200	0.011717	1016.340256	51	2560.654707	0	6.005000	float64
nojit	6	1	256000	200	0.011693	1012.154818	51	2560.654707	0	6.005000	float64
torch-compile	6	1	256000	200	1.738535	1267.578602	0	2560.654707	0	-1	-1	float64	-1	1663.745
torch-eager	6	1	256000	200	0.337564	1254.260540	0	2560.654707	0	-1	-1	float64	-1	273.897
triton	6	1	256000	200	0.339745	883.686543	1	2560.654707	0	-1	-1	float64	309.254	0.938
torch-tensorrt	6	1	256000	200	2.160531	1248.117685	0	2560.654707	0	-1	-1	float64	-1	2099.014
jax	6	1	256000	200	0.087191	758.254528	0	2560.654707	0	-1	-1	float64	1595.071	1.651
iree	6	1	256000	200	0.061508	920.633078	0	2560.654707	0	-1	-1	float64	237.742	10.853
fused	7	1	25600	200	0.007063	646.640062	57	25.611041	0	16.000000	float64
eager	7	1	25600	200	0.007216	668.920279	51	25.611041	0	26.000000	float64
nojit	7	1	25600	200	0.007139	668.435097	51	25.611041	0	26.000000	float64
torch-compile	7	1	25600	200	1.719591	859.757662	0	25.611041	0	-1	-1	float64	-1	1682.558
torch-eager	7	1	25600	200	0.303631	801.962614	0	25.611041	0	-1	-1	float64	-1	267.662
torch-tensorrt	7	1	25600	200	2.208440	821.824074	0	25.611041	0	-1	-1	float64	-1	2172.924
jax	7	1	25600	200	0.008802	324.988365	0	25.611041	0	-1	-1	float64	2105.344	1.586
fused	7	1	256000	200	0.031260	2782.689333	57	0.000000	0	16.000000	float64
eager	7	1	256000	200	0.029595	2817.794085	51	0.000000	0	26.000000	float64
nojit	7	1	256000	200	0.029103	2836.470604	51	0.000000	0	26.000000	float64
torch-compile	7	1	256000	200	1.871245	3042.303324	0	0.000000	0	-1	-1	float64	-1	1772.800
torch-eager	7	1	256000	200	0.392618	3068.856001	0	0.000000	0	-1	-1	float64	-1	291.987
torch-tensorrt	7	1	256000	200	2.240887	3107.702732	0	0.000000	0	-1	-1	float64	-1	2137.842
jax	7	1	256000	200	0.043040	1975.437403	0	0.000000	0	-1	-1	float64	2238.474	3.981
fused	8	1	25600	200	0.005174	464.384556	57	3221914.952339	0	5.000000	float64
eager	8	1	25600	200	0.007982	779.930353	51	3221914.952339	0	34.005000	float64
nojit	8	1	25600	200	0.008054	779.805183	51	3221914.952339	0	34.005000	float64
torch-compile	8	1	25600	200	1.730170	515.090227	0	3221914.952339	0	-1	-1	float64	-1	1714.434
torch-eager	8	1	25600	200	0.322908	557.864904	0	3221914.952339	0	-1	-1	float64	-1	307.633
torch-tensorrt	8	1	25600	200	2.212498	563.828945	0	3221914.952339	0	-1	-1	float64	-1	2196.860
jax	8	1	25600	200	0.070240	267.053843	0	3221914.952339	0	-1	-1	float64	1347.229	1.411
fused	8	1	256000	200	0.223623	22322.314978	57	32261731.495851	0	5.000000	float64
eager	8	1	256000	200	0.251213	25052.014589	51	32261731.495851	0	34.005000	float64
nojit	8	1	256000	200	0.251672	25130.490065	51	32261731.495851	0	34.005000	float64
torch-compile	8	1	256000	200	2.373910	29846.119881	0	32261731.495851	0	-1	-1	float64	-1	1780.329
torch-eager	8	1	256000	200	0.877121	27454.108000	0	32261731.495851	0	-1	-1	float64	-1	326.145
torch-tensorrt	8	1	256000	200	2.782362	27364.923954	0	32261731.495851	0	-1	-1	float64	-1	2230.041
jax	8	1	256000	200	0.376683	15321.269035	0	32261731.495851	0	-1	-1	float64	1557.734	16.429
fused	9	1	25600	200	0.007885	757.935047	57	214.208506	0	6.000000	float64
eager	9	1	25600	200	0.007799	766.174793	54	214.208506	0	10.000000	float64
nojit	9	1	25600	200	0.007785	766.170025	54	214.208506	0	10.000000	float64
torch-compile	9	1	25600	200	1.866194	867.031813	0	214.208506	0	-1	-1	float64	-1	1844.602
torch-eager	9	1	25600	200	0.296868	799.418688	0	214.208506	0	-1	-1	float64	-1	277.654
torch-tensorrt	9	1	25600	200	2.162049	940.955877	0	214.208506	0	-1	-1	float64	-1	2139.948
jax	9	1	25600	200	0.005984	243.953466	0	214.208506	0	-1	-1	float64	374.931	0.781
fused	9	1	256000	200	0.007181	573.920012	57	2158.224764	0	6.000000	float64
eager	9	1	256000	200	0.006861	582.430363	54	2158.224764	0	10.000000	float64
nojit	9	1	256000	200	0.007172	573.084354	54	2158.224764	0	10.000000	float64
torch-compile	9	1	256000	200	1.840261	677.182674	0	2158.224764	0	-1	-1	float64	-1	1803.203
torch-eager	9	1	256000	200	0.348449	585.840940	0	2158.224764	0	-1	-1	float64	-1	314.366
torch-tensorrt	9	1	256000	200	2.376670	1552.387476	0	2158.224764	0	-1	-1	float64	-1	2322.087
jax	9	1	256000	200	0.008257	349.831581	0	2158.224764	0	-1	-1	float64	816.453	0.957
fused	10	1	25600	200	0.040588	3908.889294	76	0.000000	0	79.000000	float64
eager	10	1	25600	200	0.047869	4809.780121	51	0.000000	0	235.000000	float64
nojit	10	1	25600	200	0.047816	4813.834429	51	0.000000	0	238.000000	float64
torch-compile	10	1	25600	200	1.884445	3188.536167	0	0.000000	0	-1	-1	float64	-1	1810.892
torch-eager	10	1	25600	200	0.428330	3641.561270	0	0.000000	0	-1	-1	float64	-1	348.591
torch-tensorrt	10	1	25600	200	2.425594	4085.574150	0	0.000000	0	-1	-1	float64	-1	2338.039
jax	10	1	25600	200	0.036932	1510.330439	0	0.000000	0	-1	-1	float64	4448.986	7.459
fused	10	1	191488	200	0.892381	94054.210186	76	0.000000	0	79.000000	float64
eager	10	1	191488	200	0.944646	99348.120689	51	0.000000	0	235.000000	float64
nojit	10	1	191488	200	0.944729	99362.655878	51	0.000000	0	238.000000	float64
torch-compile	10	1	191488	200	3.419572	78661.303520	0	0.000000	0	-1	-1	float64	-1	1898.424
torch-eager	10	1	191488	200	1.937951	78945.238590	0	0.000000	0	-1	-1	float64	-1	413.409
torch-tensorrt	10	1	191488	200	3.927518	79051.229954	0	0.000000	0	-1	-1	float64	-1	2401.500
jax	10	1	191488	200	0.824115	41865.527630	0	0.000000	0	-1	-1	float64	5040.059	71.994
fused	0	1	1000000	200	0.001199	29.220581	53	1000000.000000	0	1.000000	float64
eager	0	1	1000000	200	0.001421	76.680183	51	1000000.000000	0	3.005000	float64
nojit	0	1	1000000	200	0.000979	76.849461	51	1000000.000000	0	3.005000	float64
torch-compile	0	1	1000000	200	0.482639	43.286085	0	1000000.000000	0	1	0	float64	-1	481.466
torch-eager	0	1	1000000	200	0.036294	78.287125	0	1000000.000000	0	-1	-1	float64	-1	34.642
triton	0	1	1000000	200	0.291652	30.709505	1	1000000.000000	0	-1	-1	float64	276.798	0.109
torch-tensorrt	0	1	1000000	200	0.043559	80.714226	0	1000000.000000	0	-1	-1	float64	-1	41.838
jax	0	1	1000000	200	0.043059	44.223070	0	1000000.000000	0	-1	-1	float64	194.804	0.569
iree	0	1	1000000	200	0.259695	5785.063505	0	1000000.000000	0	-1	-1	float64	544.566	24.873
fused	0	4	1000000	200	0.001891	38.599968	53	1000000.000000	0	1.000000	float64
eager	0	4	1000000	200	0.003850	307.010412	51	1000000.000000	0	12.005000	float64
nojit	0	4	1000000	200	0.003287	306.944847	51	1000000.000000	0	12.005000	float64
torch-compile	0	4	1000000	200	0.422122	68.409443	0	1000000.000000	0	1	0	float64	-1	420.590
torch-eager	0	4	1000000	200	0.042320	312.367678	0	1000000.000000	0	-1	-1	float64	-1	36.317
fused	0	8	1000000	200	0.003011	67.784786	53	1000000.000000	0	1.000000	float64
eager	0	8	1000000	200	0.006852	612.970591	51	1000000.000000	0	24.005000	float64
nojit	0	8	1000000	200	0.006335	613.515377	51	1000000.000000	0	24.005000	float64
torch-compile	0	8	1000000	200	0.429534	132.755041	0	1000000.000000	0	1	0	float64	-1	426.824
torch-eager	0	8	1000000	200	0.050847	624.585152	0	1000000.000000	0	-1	-1	float64	-1	38.918
triton	0	8	1000000	200	0.323776	66.909790	1	1000000.000000	0	-1	-1	float64	309.256	0.146
torch-tensorrt	0	8	1000000	200	0.054868	642.864704	0	1000000.000000	0	-1	-1	float64	-1	42.586
jax	0	8	1000000	200	0.051355	160.270929	0	1000000.000000	0	-1	-1	float64	220.596	0.672
iree	0	8	1000000	200	0.266165	5888.679028	0	1000000.000000	0	-1	-1	float64	559.015	25.534
fused	0	4	10000	200	0.000950	11.914968	53	10000.000000	0	1.000000	float64
eager	0	4	10000	200	0.001053	38.995743	51	10000.000000	0	12.005000	float64
nojit	0	4	10000	200	0.000522	39.274693	51	10000.000000	0	12.005000	float64
torch-compile	0	4	10000	200	0.427866	58.804750	0	10000.000000	0	1	0	float64	-1	426.458
torch-eager	0	4	10000	200	0.038120	58.205128	0	10000.000000	0	-1	-1	float64	-1	36.923
triton	0	4	10000	200	0.323247	18.510818	1	10000.000000	0	-1	-1	float64	309.351	0.090
torch-tensorrt	0	4	10000	200	0.040942	59.074163	0	10000.000000	0	-1	-1	float64	-1	39.742
jax	0	4	10000	200	0.045375	43.419600	0	10000.000000	0	-1	-1	float64	201.892	0.511
iree	0	4	10000	200	0.021466	445.308685	0	10000.000000	0	-1	-1	float64	559.250	10.052
fused	0	4	100000	200	0.000890	12.840033	53	100000.000000	0	1.000000	float64
eager	0	4	100000	200	0.001132	44.219494	51	100000.000000	0	12.005000	float64
nojit	0	4	100000	200	0.000519	43.104887	51	100000.000000	0	12.005000	float64
torch-compile	0	4	100000	200	0.493699	39.775372	0	100000.000000	0	1	0	float64	-1	492.626
torch-eager	0	4	100000	200	0.037235	54.600239	0	100000.000000	0	-1	-1	float64	-1	36.094
triton	0	4	100000	200	0.297163	18.260479	1	100000.000000	0	-1	-1	float64	283.671	0.077
torch-tensorrt	0	4	100000	200	0.041194	60.460567	0	100000.000000	0	-1	-1	float64	-1	39.928
jax	0	4	100000	200	0.039100	45.820475	0	100000.000000	0	-1	-1	float64	185.064	0.468
iree	0	4	100000	200	0.043494	914.480686	0	100000.000000	0	-1	-1	float64	548.659	12.190
fused	0	4	1000000	200	0.002027	39.885044	53	1000000.000000	0	1.000000	float64
eager	0	4	1000000	200	0.003789	308.129787	51	1000000.000000	0	12.005000	float64
nojit	0	4	1000000	200	0.003268	306.494236	51	1000000.000000	0	12.005000	float64
torch-compile	0	4	1000000	200	0.436254	106.301308	0	1000000.000000	0	1	0	float64	-1	434.777
torch-eager	0	4	1000000	200	0.045024	312.333107	0	1000000.000000	0	-1	-1	float64	-1	39.020
fused	0	4	10000000	200	0.012044	315.284729	53	10000000.000000	0	1.000000	float64
eager	0	4	10000000	200	0.030718	3026.900291	51	10000000.000000	0	12.005000	float64
nojit	0	4	10000000	200	0.030682	3027.205467	51	10000000.000000	0	12.005000	float64
torch-compile	0	4	10000000	200	0.438890	637.034178	0	10000000.000000	0	1	0	float64	-1	426.348
torch-eager	0	4	10000000	200	0.097481	3045.406342	0	10000000.000000	0	-1	-1	float64	-1	39.452
triton	0	4	10000000	200	0.302526	326.855183	1	10000000.000000	0	-1	-1	float64	281.954	0.663
torch-tensorrt	0	4	10000000	200	0.100124	3045.328856	0	10000000.000000	0	-1	-1	float64	-1	42.082
jax	0	4	10000000	200	0.061147	770.478249	0	10000000.000000	0	-1	-1	float64	219.540	1.238
iree	0	4	10000000	200	2.398810	50745.899677	0	10000000.000000	0	-1	-1	float64	560.233	173.593
fused	1	4	1000000	200	0.002217	41.624308	54	1000122.070313	0	1.060000	float64
eager	1	4	1000000	200	0.003741	311.130285	51	1000122.070313	0	12.150000	float64
nojit	1	4	1000000	200	0.003336	312.714577	51	1000122.070313	0	12.150000	float64
torch-compile	1	4	1000000	200	0.667578	307.334661	0	1000122.070313	0	1	0	float64	-1	419.518
torch-eager	1	4	1000000	200	0.045060	316.677094	0	1000122.070313	0	-1	-1	float64	-1	38.971
triton	1	4	1000000	200	0.293647	43.469667	2	1000122.070313	0	-1	-1	float64	278.062	0.082
torch-tensorrt	1	4	1000000	200	0.048641	325.911045	0	1000122.070313	0	-1	-1	float64	-1	42.370
jax	1	4	1000000	200	0.044546	93.094110	0	1000122.070313	0	-1	-1	float64	206.696	0.614
fused	2	4	1000000	200	0.001796	44.128895	54	1000122.070313	0	1.150000	float64
eager	2	4	1000000	200	0.004044	311.855078	51	1000122.070313	0	12.150000	float64
nojit	2	4	1000000	200	0.003334	311.545134	51	1000122.070313	0	12.150000	float64
torch-compile	2	4	1000000	200	0.715066	307.408571	0	1000122.070313	0	1	0	float64	-1	466.636
torch-eager	2	4	1000000	200	0.045209	316.578150	0	1000122.070313	0	-1	-1	float64	-1	39.116
triton	2	4	1000000	200	0.297703	43.388605	2	1000122.070313	0	-1	-1	float64	282.493	0.091
torch-tensorrt	2	4	1000000	200	0.044425	325.927734	0	1000122.070313	0	-1	-1	float64	-1	38.164
jax	2	4	1000000	200	0.042708	92.188120	0	1000122.070313	0	-1	-1	float64	199.631	0.590
fused	3	4	1000000	200	0.002536	103.640556	54	1533333.333333	0	2.000000	float64
eager	3	4	1000000	200	0.004482	357.810259	51	1533333.333333	0	14.005000	float64
nojit	3	4	1000000	200	0.004058	394.380093	51	1533333.333333	0	14.005000	float64
torch-compile	3	4	1000000	200	0.702219	164.771080	0	1533333.333333	0	2	1	float64	-1	500.743
torch-eager	3	4	1000000	200	0.046142	376.842022	0	1533333.333333	0	-1	-1	float64	-1	38.921
triton	3	4	1000000	200	0.294579	122.778416	2	1533333.333333	0	-1	-1	float64	278.660	0.081
torch-tensorrt	3	4	1000000	200	0.045275	384.614468	0	1533333.333333	0	-1	-1	float64	-1	37.909
jax	3	4	1000000	200	0.048559	292.166471	0	1533333.333333	0	-1	-1	float64	204.217	0.575
fused	4	4	1000000	200	0.002516	50.979853	54	1533317.820224	0	1.000000	float64
eager	4	4	1000000	200	0.004263	340.015888	51	1533317.820224	0	13.005000	float64
nojit	4	4	1000000	200	0.003587	337.874889	51	1533317.820224	0	13.005000	float64
torch-compile	4	4	1000000	200	0.715518	332.355499	0	1533317.820224	0	1	0	float64	-1	421.283
torch-eager	4	4	1000000	200	0.042767	342.053175	0	1533317.820224	0	-1	-1	float64	-1	36.198
triton	4	4	1000000	200	0.324901	67.915916	3	1533317.820224	0	-1	-1	float64	310.222	0.080
torch-tensorrt	4	4	1000000	200	0.045659	351.579189	0	1533317.820224	0	-1	-1	float64	-1	38.919
jax	4	4	1000000	200	0.044251	115.357637	0	1533317.820224	0	-1	-1	float64	202.418	0.576
fused	5	4	1000000	200	0.002255	53.930283	53	1533333.333333	0	1.120000	float64
eager	5	4	1000000	200	0.004279	337.089300	51	1533333.333333	0	13.005000	float64
nojit	5	4	1000000	200	0.003565	336.420536	51	1533333.333333	0	13.005000	float64
torch-compile	5	4	1000000	200	0.796418	332.696438	0	1533333.333333	0	2	1	float64	-1	516.706
torch-eager	5	4	1000000	200	0.043241	342.147350	0	1533333.333333	0	-1	-1	float64	-1	36.670
triton	5	4	1000000	200	0.324444	69.470406	2	1533333.333333	0	-1	-1	float64	308.988	0.083
torch-tensorrt	5	4	1000000	200	0.046141	351.510048	0	1533333.333333	0	-1	-1	float64	-1	39.394
jax	5	4	1000000	200	0.043990	120.261908	0	1533333.333333	0	-1	-1	float64	205.523	0.577
fused	11	1	25600	200	0.000411	3.490448	53	inf	0	1.000000	float64
eager	11	1	25600	200	0.000453	20.705462	51	inf	0	3.005000	float64
nojit	11	1	25600	200	0.000303	21.214485	51	inf	0	3.005000	float64
torch-compile	11	1	25600	200	1.659313	70.490837	0	inf	0	-1	-1	float64	-1	1653.554
torch-eager	11	1	25600	200	0.196180	23.338795	0	inf	0	-1	-1	float64	-1	194.018
triton	11	1	25600	200	0.326682	18.088818	1	inf	0	-1	-1	float64	308.177	0.078
torch-tensorrt	11	1	25600	200	2.087628	58.478117	0	inf	0	-1	-1	float64	-1	2084.066
jax	11	1	25600	200	0.064475	38.510561	0	inf	0	-1	-1	float64	54.916	0.423
iree	11	1	25600	200	0.014764	50.970316	0	inf	0	-1	-1	float64	179.948	9.127
fused	11	1	256000	200	0.001629	15.289783	53	inf	0	1.000000	float64
eager	11	1	256000	200	0.002398	113.404989	51	inf	0	3.005000	float64
nojit	11	1	256000	200	0.001632	113.419294	51	inf	0	3.005000	float64
torch-compile	11	1	256000	200	1.682056	137.312412	0	inf	0	-1	-1	float64	-1	1646.616
torch-eager	11	1	256000	200	0.236126	115.683079	0	inf	0	-1	-1	float64	-1	215.245
triton	11	1	256000	200	0.296293	17.704964	1	inf	0	-1	-1	float64	277.194	0.094
torch-tensorrt	11	1	256000	200	2.013303	152.670145	0	inf	0	-1	-1	float64	-1	1990.361
jax	11	1	256000	200	0.071439	38.985014	0	inf	0	-1	-1	float64	52.747	0.392
iree	11	1	256000	200	0.047453	183.683634	0	inf	0	-1	-1	float64	170.541	11.354
fused	12	1	25600	200	0.001550	99.070072	54	256.065387	0	1.995000	float64
eager	12	1	25600	200	0.001358	98.885298	51	256.065387	0	2.005000	float64
nojit	12	1	25600	200	0.001287	97.930431	51	256.065387	0	2.005000	float64
torch-compile	12	1	25600	200	1.715100	137.965679	0	256.065387	0	-1	-1	float64	-1	1702.439
torch-eager	12	1	25600	200	0.251966	137.797594	0	256.065387	0	-1	-1	float64	-1	240.961
triton	12	1	25600	200	0.329152	299.206972	1	256.065387	0	-1	-1	float64	310.228	0.402
torch-tensorrt	12	1	25600	200	2.013723	134.890079	0	256.065387	0	-1	-1	float64	-1	2002.413
jax	12	1	25600	200	0.061663	39.123297	0	256.065387	0	-1	-1	float64	1545.654	0.623
iree	12	1	25600	200	0.054977	1824.989319	0	256.065387	0	-1	-1	float64	207.522	15.322
fused	12	1	256000	200	0.004416	342.644453	54	2560.654532	0	1.995000	float64
eager	12	1	256000	200	0.004285	343.279839	51	2560.654532	0	2.005000	float64
nojit	12	1	256000	200	0.004873	338.780880	51	2560.654532	0	2.005000	float64
torch-compile	12	1	256000	200	1.810392	504.845381	0	2560.654532	0	-1	-1	float64	-1	1766.455
torch-eager	12	1	256000	200	0.294628	494.890213	0	2560.654532	0	-1	-1	float64	-1	258.582
triton	12	1	256000	200	0.327608	299.993753	1	2560.654532	0	-1	-1	float64	308.589	0.400
torch-tensorrt	12	1	256000	200	2.093880	486.658812	0	2560.654532	0	-1	-1	float64	-1	2058.460
jax	12	1	256000	200	0.074640	256.668329	0	2560.654532	0	-1	-1	float64	1583.739	0.927
iree	12	1	256000	200	0.052405	443.927050	0	2560.654532	0	-1	-1	float64	227.432	10.695
fused	13	1	25600	200	0.005103	440.829992	53	0.000000	0	1.005000	float64
eager	13	1	25600	200	0.005901	526.599884	51	0.000000	0	6.005000	float64
nojit	13	1	25600	200	0.005843	526.444912	51	0.000000	0	6.005000	float64
torch-compile	13	1	25600	200	1.865131	595.635176	0	0.000000	0	-1	-1	float64	-1	1825.487
torch-eager	13	1	25600	200	0.315350	593.841076	0	0.000000	0	-1	-1	float64	-1	277.014
triton	13	1	25600	200	0.356448	1292.259693	2	0.000000	0	-1	-1	float64	312.983	1.278
torch-tensorrt	13	1	25600	200	2.101719	581.978559	0	0.000000	0	-1	-1	float64	-1	2066.515
jax	13	1	25600	200	0.064813	123.568773	0	0.000000	0	-1	-1	float64	1877.768	1.040
iree	13	1	25600	200	0.072355	2830.114365	0	0.000000	0	-1	-1	float64	326.766	12.377
fused	13	1	256000	200	0.048500	4751.150608	53	-0.000000	0	1.005000	float64
eager	13	1	256000	200	0.056553	5428.310633	51	-0.000000	0	6.005000	float64
nojit	13	1	256000	200	0.056506	5424.145460	51	-0.000000	0	6.005000	float64
torch-compile	13	1	256000	200	1.911019	5036.475658	0	-0.000000	0	-1	-1	float64	-1	1756.614
torch-eager	13	1	256000	200	0.440100	4901.021719	0	-0.000000	0	-1	-1	float64	-1	296.707
triton	13	1	256000	200	0.430037	4698.394537	2	-0.000000	0	-1	-1	float64	316.019	4.998
torch-tensorrt	13	1	256000	200	2.229989	4890.273809	0	-0.000000	0	-1	-1	float64	-1	2090.357
jax	13	1	256000	200	0.148857	3715.423346	0	-0.000000	0	-1	-1	float64	2028.001	4.772
iree	13	1	256000	200	0.155051	5200.848579	0	-0.000000	0	-1	-1	float64	636.342	20.160
fused	6	1	25600	200	0.003509	277.309418	56	256.065463	0	5.985000	float64
eager	6	1	25600	200	0.003349	279.924870	51	256.065463	0	6.005000	float64
nojit	6	1	25600	200	0.003352	277.304649	51	256.065463	0	6.005000	float64
torch-compile	6	1	25600	200	1.699913	383.667946	0	256.065463	0	-1	-1	float64	-1	1671.287
torch-eager	6	1	25600	200	0.280128	393.170118	0	256.065463	0	-1	-1	float64	-1	251.995
triton	6	1	25600	200	0.339960	870.676041	1	256.065463	0	-1	-1	float64	308.491	0.937
torch-tensorrt	6	1	25600	200	2.131172	382.970572	0	256.065463	0	-1	-1	float64	-1	2104.406
jax	6	1	25600	200	0.064470	107.563734	0	256.065463	0	-1	-1	float64	1592.290	0.976
iree	6	1	25600	200	0.130049	5361.663103	0	256.065463	0	-1	-1	float64	224.964	18.012
fused	6	1	256000	200	0.011994	1011.949778	56	2560.654707	0	5.985000	float64
eager	6	1	256000	200	0.011768	1016.334295	51	2560.654707	0	6.005000	float64
nojit	6	1	256000	200	0.011664	1011.834145	51	2560.654707	0	6.005000	float64
torch-compile	6	1	256000	200	1.887500	1238.523722	0	2560.654707	0	-1	-1	float64	-1	1821.376
torch-eager	6	1	256000	200	0.346690	1252.146959	0	2560.654707	0	-1	-1	float64	-1	283.170
triton	6	1	256000	200	0.306045	850.195885	1	2560.654707	0	-1	-1	float64	276.184	0.891
torch-tensorrt	6	1	256000	200	2.242293	1260.725260	0	2560.654707	0	-1	-1	float64	-1	2176.105
jax	6	1	256000	200	0.087361	758.255720	0	2560.654707	0	-1	-1	float64	1629.221	1.654
iree	6	1	256000	200	0.060864	911.746025	0	2560.654707	0	-1	-1	float64	236.555	10.583
fused	7	1	25600	200	0.007072	646.730661	57	25.611041	0	16.000000	float64
eager	7	1	25600	200	0.007228	668.370724	51	25.611041	0	26.000000	float64
nojit	7	1	25600	200	0.007135	668.165684	51	25.611041	0	26.000000	float64
torch-compile	7	1	25600	200	1.767355	859.397650	0	25.611041	0	-1	-1	float64	-1	1724.505
torch-eager	7	1	25600	200	0.294439	792.928934	0	25.611041	0	-1	-1	float64	-1	258.696
torch-tensorrt	7	1	25600	200	2.168331	821.572542	0	25.611041	0	-1	-1	float64	-1	2131.009
jax	7	1	25600	200	0.008845	324.425697	0	25.611041	0	-1	-1	float64	2186.213	1.507
fused	7	1	256000	200	0.031377	2839.695215	57	0.000000	0	16.000000	float64
eager	7	1	256000	200	0.029975	2829.630375	51	0.000000	0	26.000000	float64
nojit	7	1	256000	200	0.029350	2836.149931	51	0.000000	0	26.000000	float64
torch-compile	7	1	256000	200	1.850410	3043.740988	0	0.000000	0	-1	-1	float64	-1	1752.331
torch-eager	7	1	256000	200	0.397794	3109.056950	0	0.000000	0	-1	-1	float64	-1	297.472
torch-tensorrt	7	1	256000	200	2.349975	3111.509085	0	0.000000	0	-1	-1	float64	-1	2251.305
jax	7	1	256000	200	0.042981	1944.782734	0	0.000000	0	-1	-1	float64	2212.619	3.888
fused	8	1	25600	200	0.005164	464.276075	57	3221914.952339	0	5.000000	float64
eager	8	1	25600	200	0.007978	779.910088	51	3221914.952339	0	34.005000	float64
nojit	8	1	25600	200	0.008067	779.805183	51	3221914.952339	0	34.005000	float64
torch-compile	8	1	25600	200	1.747016	513.724089	0	3221914.952339	0	-1	-1	float64	-1	1731.398
torch-eager	8	1	25600	200	0.325474	557.940006	0	3221914.952339	0	-1	-1	float64	-1	310.197
torch-tensorrt	8	1	25600	200	2.189392	563.621521	0	3221914.952339	0	-1	-1	float64	-1	2173.756
jax	8	1	25600	200	0.069466	267.171860	0	3221914.952339	0	-1	-1	float64	1256.244	1.307
fused	8	1	256000	200	0.224313	22310.074568	57	32261731.495851	0	5.000000	float64
eager	8	1	256000	200	0.251251	25135.830641	51	32261731.495851	0	34.005000	float64
nojit	8	1	256000	200	0.247885	25079.940557	51	32261731.495851	0	34.005000	float64
torch-compile	8	1	256000	200	2.376399	29800.544977	0	32261731.495851	0	-1	-1	float64	-1	1778.487
torch-eager	8	1	256000	200	0.892658	27394.832373	0	32261731.495851	0	-1	-1	float64	-1	339.962
torch-tensorrt	8	1	256000	200	2.800058	27486.443520	0	32261731.495851	0	-1	-1	float64	-1	2248.508
jax	8	1	256000	200	0.387948	15436.041355	0	32261731.495851	0	-1	-1	float64	1547.458	17.035
fused	9	1	25600	200	0.007890	758.279562	57	214.208506	0	6.000000	float64
eager	9	1	25600	200	0.007788	765.850544	54	214.208506	0	10.000000	float64
nojit	9	1	25600	200	0.007783	766.104460	54	214.208506	0	10.000000	float64
torch-compile	9	1	25600	200	1.795297	844.480991	0	214.208506	0	-1	-1	float64	-1	1773.800
torch-eager	9	1	25600	200	0.304786	793.150663	0	214.208506	0	-1	-1	float64	-1	285.535
torch-tensorrt	9	1	25600	200	2.239114	952.206850	0	214.208506	0	-1	-1	float64	-1	2216.330
jax	9	1	25600	200	0.006175	252.803564	0	214.208506	0	-1	-1	float64	371.386	0.863
fused	9	1	256000	200	0.007110	573.160648	57	2158.224764	0	6.000000	float64
eager	9	1	256000	200	0.006857	579.929352	54	2158.224764	0	10.000000	float64
nojit	9	1	256000	200	0.006995	569.695234	54	2158.224764	0	10.000000	float64
torch-compile	9	1	256000	200	1.930820	654.559135	0	2158.224764	0	-1	-1	float64	-1	1893.872
torch-eager	9	1	256000	200	0.340497	582.379103	0	2158.224764	0	-1	-1	float64	-1	306.953
torch-tensorrt	9	1	256000	200	2.208331	1536.909342	0	2158.224764	0	-1	-1	float64	-1	2155.864
jax	9	1	256000	200	0.008618	347.492695	0	2158.224764	0	-1	-1	float64	813.901	1.135
fused	10	1	25600	200	0.040591	3910.139799	76	0.000000	0	79.000000	float64
eager	10	1	25600	200	0.048372	4806.884527	51	0.000000	0	235.000000	float64
nojit	10	1	25600	200	0.047686	4801.175594	51	0.000000	0	238.000000	float64
torch-compile	10	1	25600	200	2.035306	3167.579174	0	0.000000	0	-1	-1	float64	-1	1963.548
torch-eager	10	1	25600	200	0.424103	3610.125780	0	0.000000	0	-1	-1	float64	-1	345.279
torch-tensorrt	10	1	25600	200	2.465816	4108.831882	0	0.000000	0	-1	-1	float64	-1	2379.415
jax	10	1	25600	200	0.036306	1496.793032	0	0.000000	0	-1	-1	float64	4601.196	6.924
fused	10	1	191488	200	0.892742	94000.965357	76	0.000000	0	79.000000	float64
eager	10	1	191488	200	0.939337	99281.721115	51	0.000000	0	235.000000	float64
nojit	10	1	191488	200	0.945045	99374.115467	51	0.000000	0	238.000000	float64
torch-compile	10	1	191488	200	3.559809	78671.170473	0	0.000000	0	-1	-1	float64	-1	2037.353
torch-eager	10	1	191488	200	1.937678	78928.639889	0	0.000000	0	-1	-1	float64	-1	413.477
torch-tensorrt	10	1	191488	200	3.919039	79030.541182	0	0.000000	0	-1	-1	float64	-1	2400.307
jax	10	1	191488	200	0.819309	41825.352907	0	0.000000	0	-1	-1	float64	4880.190	69.935
fused	8	1	256000	200	0.226105	22518.374920	57	32261731.495851	0	5.000000	float64
eager	8	1	256000	200	0.251695	25193.459988	51	32261731.495851	0	34.005000	float64
nojit	8	1	256000	200	0.252998	25194.514990	51	32261731.495851	0	34.005000	float64
torch-compile	8	1	256000	200	2.476432	29885.655642	0	32261731.495851	0	-1	-1	float64	-1	1875.573
torch-eager	8	1	256000	200	0.887441	27463.548183	0	32261731.495851	0	-1	-1	float64	-1	333.544
fused	8	1	256000	200	0.019087	1879.140139	108	32261732.000000	0	5.000000	float32
eager	8	1	256000	200	0.044390	4384.535551	102	32261710.000000	0	34.005000	float32
nojit	8	1	256000	200	0.044362	4386.234283	102	32261714.000000	0	34.005000	float32
torch-compile	8	1	256000	200	1.882849	2050.021887	0	32261732.000000	0	-1	-1	float32	-1	1815.392
torch-eager	8	1	256000	200	0.424598	2673.534155	0	32261724.000000	0	-1	-1	float32	-1	350.255
torch-tensorrt	8	1	256000	200	4.341635	1494.328976	0	32261728.000000	0	-1	-1	float32	-1	4290.677
jax	8	1	256000	200	0.087856	1261.582375	0	32261724.000000	0	-1	-1	float32	1786.528	2.341
fused	8	1	256000	200	0.010776	713.665485	108	32340771.718750	0	5.010000	float16
eager	8	1	256000	200	0.024119	2054.945230	102	13726685.640625	0	34.000000	float16
nojit	8	1	256000	200	0.024377	2055.590153	102	13726685.640625	0	34.000000	float16
torch-compile	8	1	256000	200	1.857973	865.021944	0	inf	0	-1	-1	float16	-1	1818.460
torch-eager	8	1	256000	200	0.475886	1468.923092	0	inf	0	-1	-1	float16	-1	424.846
torch-tensorrt	8	1	256000	200	4.357788	275.679827	0	inf	0	-1	-1	float16	-1	4329.989
jax	8	1	256000	200	0.077097	630.366802	0	inf	0	-1	-1	float16	602.888	1.523
fused	13	1	256000	200	0.048832	4772.795439	53	-0.000000	0	1.005000	float64
eager	13	1	256000	200	0.056946	5451.740026	51	-0.000000	0	6.005000	float64
nojit	13	1	256000	200	0.056738	5446.605682	51	-0.000000	0	6.005000	float64
torch-compile	13	1	256000	200	1.960938	5000.454187	0	-0.000000	0	-1	-1	float64	-1	1816.120
torch-eager	13	1	256000	200	0.454762	4895.944595	0	-0.000000	0	-1	-1	float64	-1	311.769
fused	13	1	256000	200	0.430501	317.544937	104	-0.000000	0	1.005000	float32
eager	13	1	256000	200	0.008850	633.690357	102	-0.000000	0	6.005000	float32
nojit	13	1	256000	200	0.008613	626.235008	102	-0.000000	0	6.005000	float32
torch-compile	13	1	256000	200	1.941161	569.506884	0	-0.000000	0	-1	-1	float32	-1	1882.664
torch-eager	13	1	256000	200	0.356836	615.167618	0	-0.000000	0	-1	-1	float32	-1	303.814
triton	13	1	256000	200	0.333932	133.477449	2	-0.000000	0	-1	-1	float32	312.230	0.204
torch-tensorrt	13	1	256000	200	4.183944	463.988781	0	-0.000000	0	-1	-1	float32	-1	4132.877
jax	13	1	256000	200	0.070148	215.096474	0	-0.000000	0	-1	-1	float32	4463.577	1.061
fused	13	1	256000	200	0.020327	221.744776	104	0.001907	0	1.000000	float16
eager	13	1	256000	200	0.023048	350.999832	102	0.000000	0	6.000000	float16
nojit	13	1	256000	200	0.022771	342.674255	102	0.000000	0	6.000000	float16
torch-compile	13	1	256000	200	1.927030	365.058184	0	0.000000	0	-1	-1	float16	-1	1875.859
torch-eager	13	1	256000	200	0.447830	412.997007	0	0.000000	0	-1	-1	float16	-1	394.160
triton	13	1	256000	200	0.301971	133.223534	2	0.000000	0	-1	-1	float16	280.910	0.193
torch-tensorrt	13	1	256000	200	4.383315	354.918242	0	0.000000	0	-1	-1	float16	-1	4336.505
jax	13	1	256000	200	0.066374	96.944571	0	0.001251	0	-1	-1	float16	791.865	0.790
fused	8	1	256000	200	0.223029	22321.865559	57	32261731.495851	0	5.000000	float64
eager	8	1	256000	200	0.251622	25099.179745	51	32261731.495851	0	34.005000	float64
nojit	8	1	256000	200	0.251638	25101.538897	51	32261731.495851	0	34.005000	float64
torch-compile	8	1	256000	200	2.513004	29759.492874	0	32261731.495851	0	-1	-1	float64	-1	1921.135
torch-eager	8	1	256000	200	0.889792	27360.161543	0	32261731.495851	0	-1	-1	float64	-1	340.206
fused	8	1	256000	200	0.018955	1868.710518	108	32261734.000000	0	5.000000	float32
eager	8	1	256000	200	0.044364	4381.104708	102	32261714.000000	0	34.005000	float32
nojit	8	1	256000	200	0.044375	4381.020069	102	32261710.000000	0	34.005000	float32
torch-compile	8	1	256000	200	1.845909	2021.571398	0	32261732.000000	0	-1	-1	float32	-1	1783.879
torch-eager	8	1	256000	200	0.425661	2661.155462	0	32261724.000000	0	-1	-1	float32	-1	351.433
torch-tensorrt	8	1	256000	200	4.372968	1491.168737	0	32261728.000000	0	-1	-1	float32	-1	4321.027
jax	8	1	256000	200	0.090592	1259.001493	0	32261724.000000	0	-1	-1	float32	1815.485	2.331
fused	8	1	256000	200	0.010619	712.950230	108	32340771.718750	0	5.010000	float16
eager	8	1	256000	200	0.024099	2055.284977	102	13726685.640625	0	34.000000	float16
nojit	8	1	256000	200	0.024715	2059.165239	102	13726685.640625	0	34.000000	float16
torch-compile	8	1	256000	200	2.001060	862.121582	0	inf	0	-1	-1	float16	-1	1961.567
torch-eager	8	1	256000	200	0.440059	1463.403702	0	inf	0	-1	-1	float16	-1	391.878
torch-tensorrt	8	1	256000	200	4.615657	277.235508	0	inf	0	-1	-1	float16	-1	4587.301
jax	8	1	256000	200	0.078814	630.658865	0	inf	0	-1	-1	float16	579.836	1.504
fused	13	1	256000	200	0.051239	4751.609564	53	-0.000000	0	1.005000	float64
eager	13	1	256000	200	0.056671	5428.429842	51	-0.000000	0	6.005000	float64
nojit	13	1	256000	200	0.056690	5423.669815	51	-0.000000	0	6.005000	float64
torch-compile	13	1	256000	200	1.880629	4985.415936	0	-0.000000	0	-1	-1	float64	-1	1735.431
torch-eager	13	1	256000	200	0.454539	4896.161556	0	-0.000000	0	-1	-1	float64	-1	311.215
fused	13	1	256000	200	0.004086	316.900015	104	-0.000000	0	1.005000	float32
eager	13	1	256000	200	0.008609	634.014606	102	-0.000000	0	6.005000	float32
nojit	13	1	256000	200	0.008699	627.020597	102	-0.000000	0	6.005000	float32
torch-compile	13	1	256000	200	1.822531	599.143505	0	-0.000000	0	-1	-1	float32	-1	1760.260
torch-eager	13	1	256000	200	0.354089	615.180731	0	-0.000000	0	-1	-1	float32	-1	301.112
triton	13	1	256000	200	0.308409	125.055313	2	-0.000000	0	-1	-1	float32	287.089	0.201
torch-tensorrt	13	1	256000	200	4.095091	461.493731	0	-0.000000	0	-1	-1	float32	-1	4044.429
jax	13	1	256000	200	0.068253	215.082169	0	-0.000000	0	-1	-1	float32	4462.141	1.156
fused	13	1	256000	200	0.020285	222.514868	104	0.001907	0	1.000000	float16
eager	13	1	256000	200	0.021879	347.568989	102	0.000000	0	6.000000	float16
nojit	13	1	256000	200	0.022857	334.655046	102	0.000000	0	6.000000	float16
torch-compile	13	1	256000	200	1.974931	435.110331	0	0.000000	0	-1	-1	float16	-1	1912.815
torch-eager	13	1	256000	200	0.436908	394.674540	0	0.000000	0	-1	-1	float16	-1	386.962
triton	13	1	256000	200	0.333905	128.468275	2	0.000000	0	-1	-1	float16	312.279	0.190
torch-tensorrt	13	1	256000	200	4.231148	356.478691	0	0.000000	0	-1	-1	float16	-1	4183.687
jax	13	1	256000	200	0.063903	96.381903	0	0.001251	0	-1	-1	float16	787.907	0.787
fused	8	1	256000	200	0.225159	22335.159779	57	32261731.495851	0	5.000000	float64
eager	8	1	256000	200	0.251282	25016.164780	51	32261731.495851	0	34.005000	float64
nojit	8	1	256000	200	0.251253	25181.925297	51	32261731.495851	0	34.005000	float64
torch-compile	8	1	256000	200	2.425054	29625.296593	0	32261731.495851	0	-1	-1	float64	-1	1821.251
torch-eager	8	1	256000	200	0.874725	27387.138605	0	32261731.495851	0	-1	-1	float64	-1	331.859
fused	8	1	256000	200	0.019014	1869.881153	108	32261732.000000	0	5.000000	float32
eager	8	1	256000	200	0.044372	4385.935068	102	32261710.000000	0	34.005000	float32
nojit	8	1	256000	200	0.044371	4386.270046	102	32261716.000000	0	34.005000	float32
torch-compile	8	1	256000	200	1.858654	2052.865028	0	32261732.000000	0	-1	-1	float32	-1	1791.296
torch-eager	8	1	256000	200	0.411813	2665.880919	0	32261724.000000	0	-1	-1	float32	-1	338.017
torch-tensorrt	8	1	256000	200	4.283411	1492.497921	0	32261728.000000	0	-1	-1	float32	-1	4232.822
jax	8	1	256000	200	0.089067	1258.788109	0	32261724.000000	0	-1	-1	float32	1859.603	2.315
fused	8	1	256000	200	0.010642	713.750124	108	32340771.718750	0	5.010000	float16
eager	8	1	256000	200	0.024152	2054.874897	102	13726685.640625	0	34.000000	float16
nojit	8	1	256000	200	0.024617	2056.174278	102	13726685.640625	0	34.000000	float16
torch-compile	8	1	256000	200	1.921406	884.799957	0	inf	0	-1	-1	float16	-1	1876.954
torch-eager	8	1	256000	200	0.475581	1453.402042	0	inf	0	-1	-1	float16	-1	424.621
torch-tensorrt	8	1	256000	200	4.438755	307.128429	0	inf	0	-1	-1	float16	-1	4408.263
jax	8	1	256000	200	0.079056	632.418394	0	inf	0	-1	-1	float16	630.186	1.507
fused	13	1	256000	200	0.048547	4757.510424	53	-0.000000	0	1.005000	float64
eager	13	1	256000	200	0.056747	5435.439348	51	-0.000000	0	6.005000	float64
nojit	13	1	256000	200	0.056590	5430.804491	51	-0.000000	0	6.005000	float64
torch-compile	13	1	256000	200	1.842026	5002.505779	0	-0.000000	0	-1	-1	float64	-1	1692.969
torch-eager	13	1	256000	200	0.444684	4902.408123	0	-0.000000	0	-1	-1	float64	-1	301.260
fused	13	1	256000	200	0.004091	317.424536	104	-0.000000	0	1.005000	float32
eager	13	1	256000	200	0.008879	633.214712	102	-0.000000	0	6.005000	float32
nojit	13	1	256000	200	0.008684	626.119375	102	-0.000000	0	6.005000	float32
torch-compile	13	1	256000	200	1.895926	569.911003	0	-0.000000	0	-1	-1	float32	-1	1837.214
torch-eager	13	1	256000	200	0.368754	634.620190	0	-0.000000	0	-1	-1	float32	-1	311.893
triton	13	1	256000	200	0.334075	135.277510	2	-0.000000	0	-1	-1	float32	312.867	0.205
torch-tensorrt	13	1	256000	200	4.198567	461.605787	0	-0.000000	0	-1	-1	float32	-1	4147.637
jax	13	1	256000	200	0.066849	214.987993	0	-0.000000	0	-1	-1	float32	4190.779	1.122
fused	13	1	256000	200	0.020357	222.635269	104	0.001907	0	1.000000	float16
eager	13	1	256000	200	0.022823	350.329876	102	0.000000	0	6.000000	float16
nojit	13	1	256000	200	0.022898	342.636108	102	0.000000	0	6.000000	float16
torch-compile	13	1	256000	200	1.976310	360.078812	0	0.000000	0	-1	-1	float16	-1	1924.970
torch-eager	13	1	256000	200	0.454822	415.149927	0	0.000000	0	-1	-1	float16	-1	400.755
triton	13	1	256000	200	0.332382	132.215023	2	0.000000	0	-1	-1	float16	310.910	0.198
torch-tensorrt	13	1	256000	200	4.130921	353.505611	0	0.000000	0	-1	-1	float16	-1	4082.438
jax	13	1	256000	200	0.065638	98.041296	0	0.001251	0	-1	-1	float16	767.865	0.804
app	0	1	1000000	200	0.009475	30.144453	53	1000000.000000	0	1.015000	float64
app	0	4	1000000	200	0.010741	115.940571	53	1000000.000000	0	4.015000	float64
app	0	8	1000000	200	0.011289	231.459141	53	1000000.000000	1	8.015000	float64
app	0	4	10000	200	0.004332	18.399954	53	10000.000000	0	4.015000	float64
app	0	4	100000	200	0.005313	19.890070	53	100000.000000	0	4.015000	float64
app	0	4	1000000	200	0.010789	115.764141	53	1000000.000000	0	4.015000	float64
app	0	4	10000000	200	0.121137	1133.649349	53	10000000.000000	0	4.015000	float64
app	1	4	1000000	200	0.011453	119.276047	53	1000122.070313	0	4.160000	float64
app	2	4	1000000	200	0.011067	119.149685	53	1000122.070313	0	4.160000	float64
app	3	4	1000000	200	0.011115	198.254585	54	1533333.333333	0	6.010000	float64
app	4	4	1000000	200	0.010953	144.500732	53	1533317.820224	0	5.010000	float64
app	5	4	1000000	200	0.011162	149.304867	54	1533333.333333	1	5.025000	float64
app	11	1	25600	200	0.005910	24.939775	54	inf	0	2.010000	float64
app	11	1	256000	200	0.008626	159.565210	54	inf	1	2.010000	float64
app	12	1	25600	200	0.070093	89.384317	53	256.065387	0	1.010000	float64
app	12	1	256000	200	0.078384	354.449749	53	2560.654532	0	1.010000	float64
app	13	1	25600	200	0.086493	423.394442	55	0.000000	0	5.005000	float64
app	13	1	256000	200	0.121818	4741.150141	55	-0.000000	1	5.005000	float64
app	6	1	25600	200	0.078474	268.940926	53	256.065463	1	3.005000	float64
app	6	1	256000	200	0.081007	999.200344	53	2560.654707	1	3.005000	float64
app	7	1	25600	200	0.557691	791.360140	58	25.611041	0	21.010000	float64
app	7	1	256000	200	0.144416	2938.655615	58	0.000000	0	21.010000	float64
app	8	1	25600	200	1.022244	507.800579	59	3221914.952339	0	11.005000	float64
app	8	1	256000	200	0.320489	22294.825315	59	32261731.495851	0	11.005000	float64
app	9	1	25600	200	0.501443	752.815008	58	214.208506	0	7.010000	float64
app	9	1	256000	200	0.097734	572.834015	58	2158.224764	0	7.015000	float64
app	10	1	25600	200	3.423387	7716.469765	88	0.000000	1	212.105000	float64
app	10	1	191488	200	1.872808	96358.495951	88	0.000000	1	212.105000	float64
app	0	1	1000000	200	0.009369	29.854774	53	1000000.000000	0	1.015000	float64
app	0	4	1000000	200	0.010103	115.720034	53	1000000.000000	0	4.015000	float64
app	0	8	1000000	200	0.011166	230.745077	53	1000000.000000	1	8.015000	float64
app	0	4	10000	200	0.004028	18.409491	53	10000.000000	0	4.015000	float64
app	0	4	100000	200	0.005117	19.909143	53	100000.000000	0	4.015000	float64
app	0	4	1000000	200	0.010799	115.774870	53	1000000.000000	0	4.015000	float64
app	0	4	10000000	200	0.119556	1133.149862	53	10000000.000000	0	4.015000	float64
app	1	4	1000000	200	0.011114	119.149685	53	1000122.070313	0	4.160000	float64
app	2	4	1000000	200	0.011651	119.229555	53	1000122.070313	0	4.160000	float64
app	3	4	1000000	200	0.011275	198.200941	54	1533333.333333	0	6.010000	float64
app	4	4	1000000	200	0.010915	144.419670	53	1533317.820224	0	5.010000	float64
app	5	4	1000000	200	0.011212	149.405003	54	1533333.333333	1	5.025000	float64
app	11	1	25600	200	0.005944	24.625063	54	inf	0	2.010000	float64
app	11	1	256000	200	0.008600	160.444975	54	inf	1	2.010000	float64
app	12	1	25600	200	0.076776	89.795589	53	256.065387	0	1.010000	float64
app	12	1	256000	200	0.073861	342.190266	53	2560.654532	0	1.010000	float64
app	13	1	25600	200	0.081688	448.554754	55	0.000000	0	5.005000	float64
app	13	1	256000	200	0.123181	4788.705111	55	-0.000000	1	5.005000	float64
app	6	1	25600	200	0.079887	270.074606	53	256.065463	1	3.005000	float64
app	6	1	256000	200	0.081590	1003.234386	53	2560.654707	1	3.005000	float64
app	7	1	25600	200	0.120763	795.896053	58	25.611041	0	21.010000	float64
app	7	1	256000	200	0.144138	2940.599918	58	0.000000	0	21.010000	float64
app	8	1	25600	200	0.095767	480.819941	59	3221914.952339	0	11.005000	float64
app	8	1	256000	200	0.313834	22375.675440	59	32261731.495851	0	11.005000	float64
app	9	1	25600	200	0.086682	751.975775	58	214.208506	0	7.010000	float64
app	9	1	256000	200	0.093500	568.820238	58	2158.224764	0	7.015000	float64
app	10	1	25600	200	0.320484	5031.700134	88	0.000000	1	212.105000	float64
app	10	1	191488	200	1.390078	96416.565180	88	0.000000	1	212.105000	float64
app	0	1	1000000	200	0.008934	29.850006	53	1000000.000000	0	1.015000	float64
app	0	4	1000000	200	0.010708	115.829706	53	1000000.000000	0	4.015000	float64
app	0	8	1000000	200	0.011606	231.139660	53	1000000.000000	1	8.015000	float64
app	0	4	10000	200	0.004357	18.664598	53	10000.000000	0	4.015000	float64
app	0	4	100000	200	0.005164	20.120144	53	100000.000000	0	4.015000	float64
app	0	4	1000000	200	0.010437	115.859509	53	1000000.000000	0	4.015000	float64
app	0	4	10000000	200	0.113157	1133.705378	53	10000000.000000	0	4.015000	float64
app	1	4	1000000	200	0.010246	119.459629	53	1000122.070313	0	4.160000	float64
app	2	4	1000000	200	0.011532	119.215250	53	1000122.070313	0	4.160000	float64
app	3	4	1000000	200	0.011545	198.234320	54	1533333.333333	0	6.010000	float64
app	4	4	1000000	200	0.011036	144.139528	53	1533317.820224	0	5.010000	float64
app	5	4	1000000	200	0.011157	149.000883	54	1533333.333333	1	5.025000	float64
app	11	1	25600	200	0.006193	24.614334	54	inf	0	2.010000	float64
app	11	1	256000	200	0.008699	160.675049	54	inf	1	2.010000	float64
app	12	1	25600	200	0.071622	89.761019	53	256.065387	0	1.010000	float64
app	12	1	256000	200	0.074203	347.809792	53	2560.654532	0	1.010000	float64
app	13	1	25600	200	0.082194	448.564291	55	0.000000	0	5.005000	float64
app	13	1	256000	200	0.125544	4763.059616	55	-0.000000	1	5.005000	float64
app	6	1	25600	200	0.073595	270.010233	53	256.065463	1	3.005000	float64
app	6	1	256000	200	0.080548	1003.534794	53	2560.654707	1	3.005000	float64
app	7	1	25600	200	0.120366	789.785385	58	25.611041	0	21.010000	float64
app	7	1	256000	200	0.143593	2934.645414	58	0.000000	0	21.010000	float64
app	8	1	25600	200	0.100152	480.874777	59	3221914.952339	0	11.005000	float64
app	8	1	256000	200	0.322663	22375.234365	59	32261731.495851	0	11.005000	float64
app	9	1	25600	200	0.086711	750.210285	58	214.208506	0	7.010000	float64
app	9	1	256000	200	0.097764	572.550297	58	2158.224764	0	7.015000	float64
app	10	1	25600	200	0.330882	5034.250021	88	0.000000	1	212.105000	float64
app	10	1	191488	200	1.389781	96906.969547	88	0.000000	1	212.105000	float64
torch-tensorrt	10	1	256000	200	5.069671	135635.401011	0	0.000000	0	-1	-1	float64	-1	2461.922
jax	10	1	256000	200	1.423214	74258.334637	0	0.000000	0	-1	-1	float64	4885.121	97.216
torch-tensorrt	10	1	256000	200	5.291439	135759.990215	0	0.000000	0	-1	-1	float64	-1	2676.910
jax	10	1	256000	200	1.427080	74443.197250	0	0.000000	0	-1	-1	float64	4927.883	100.208
torch-tensorrt	10	1	256000	200	5.010171	135566.654205	0	0.000000	0	-1	-1	float64	-1	2408.177
jax	10	1	256000	200	1.426366	74419.533014	0	0.000000	0	-1	-1	float64	4751.951	100.188
